ID,Title,Location,Salary,Summary
https://kr.indeed.com/viewjobs?jk=55584c627df1acaa,데이터 분석가/사이언티스트(신입/인턴 가능),쏘카 대한민국,,"Sheet) 등 데이터 분석 도구를 원활히 다루시거나, 앞으로 원활히 다루고자 하는 의지가 높으신 분 • Python, R 등의 프로그래밍 언어 혹은 데이터 분석 언어를 1개 이상 능숙하게 사용 가능하신 분 전형절차 서류..."
https://kr.indeed.com/viewjobs?jk=389765da1bee869b,[대구]데이터 분석 연구원 (Python/R),드림아이디어소프트 대구 동구,,"3년) 성별 무관 기타 담당업무 [대구]데이터 분석 연구원 채용 ( Python/R) 커리어 양식 지원 상세모집요강 접수기간/방법 시작일 2021... 산업 직무별(직종) 웹프로그래머 Python 응용프로그래머전산전공, Java..."
https://kr.indeed.com/viewjobs?jk=afeaf9f2fdda7973,"Engr, Apps Dev 3",KLA-Tencor 대한민국,,"working effectively with different cultures. Matlab/ Python experience is a plus. We offer a competitive, family friendly..."
https://kr.indeed.com/viewjobs?jk=818d5c4e3d4e8c76,디지털자산(암호화폐) 퀀트 트레이더 (경력),네오위즈 대한민국,,"경험이 있는 분 - 또는 운용사 및 증권회사에서 근무한 경력이 있는 분 우대사항 - 프로그래밍 능력( Python, R 등)을 보유하고, 개발해 본 경험이 있는 분 - 컴퓨터공학, 금융공학, 수학, 통계학을 전공한 분..."
https://kr.indeed.com/viewjobs?jk=e1ebfac18d00b273,[SK바이오사이언스] 21년 1분기 수시,에스케이바이오사이언스 성남 분당구,,"Office (excel, PPT 등) 활용 능력 - 우 대 1) SAP SD 모듈 활용 가능자 2) Python, R 등 다양한 data분석 tool 활용 가능자 마케팅PM - 직 무 1) 시장 분석 및 projection..."
https://kr.indeed.com/viewjobs?jk=ca9f32c5040a476c,21년 혁신성장 청년인재 집중양성 사업 교육생 (드론/자율주행차),군산대학교 산학협력단 전라북도 군산,,통신·모바일·게임>빅데이터·AI(인공지능)>데이터분석|인터넷·IT·통신·모바일·게임>빅데이터·AI(인공지능)> Python|인터넷·IT·통신·모바일·게임>빅데이터·AI(인공지능)>머신러닝|인터넷·IT·통신·모바일·게임>빅데이터...
https://kr.indeed.com/viewjobs?jk=dfb20fa220f3c478,"빅데이터, 인공지능(AI) 외 신입/경력 인턴",스칼라웍스 대한민국,,인공지능)>인공지능(AI)|인터넷·IT·통신·모바일·게임>빅데이터·AI(인공지능)>데이터분석|인터넷·IT·통신·모바일·게임>빅데이터·AI(인공지능)> Python|인터넷·IT·통신·모바일·게임>빅데이터·AI(인공지능)>딥러닝
https://kr.indeed.com/viewjobs?jk=cc92309fd5616195,"2021년 인공지능, 블록체인 전문인력양성 1기 교육생",전주정보문화산업진흥원 전주 완산구,,로그래머>백엔드|인터넷·IT·통신·모바일·게임>웹프로그래머>프론트엔드|인터넷·IT·통신·모바일·게임>웹프로그래머> Python|인터넷·IT·통신·모바일·게임>웹프로그래머>ASP.NET|인터넷·IT·통신·모바일·게임>웹프로그래머...
https://kr.indeed.com/viewjobs?jk=750bd649ca4aec64,Operation Buyer(Contractor),Edwards Korea Ltd 충청남도 천안,,"programming languages or statistical software – ex) C++, Python, VBA, R, MATLAB, Minitab, SPC Start a journey towards..."
https://kr.indeed.com/viewjobs?jk=58d6191cbb79831d,(주)엘솔루 R&D본부 ASR팀 개발직,㈜엘솔루 서울,,"제공 [필수사항] ㆍ프로그래밍에 재능 및 열정이 있는 자 ㆍJava, Python 중 하나 이상의 언어사용자 ㆍWeb 개발능력 ㆍ리눅스 사용 경험자... 머신러닝(ML)|인터넷·IT·통신·모바일·게임>응용프로그래머> Python"
https://kr.indeed.com/viewjobs?jk=89f3e10d77a126bf,Field Service Engineer,Nearfield Instruments 대한민국,,"troubleshooting. Preferably to have coding capability (Matlab, Python...etc... data analysis, visualization, and algorithm..."
https://kr.indeed.com/viewjobs?jk=9acc17c535b42959,2021년 (신입) 전문연구요원 모집,NHN 4.4 성남 판교역,,"구사 (C++, Java, Python 등) - Openstack 및... 모델링 기법을 활용한 서비스 개발 경험자 우대 - C/C++, Python 등 개발 숙련자 우대 공통지원자격(필수) - 해당 분야 석사 이상..."
https://kr.indeed.com/viewjobs?jk=3330430ae94277db,[타다]데이터 분석가/사이언티스트,쏘카 대한민국,,"통계에 대한 지식 및 머신러닝에 대한 지식을 보유하고 있으며, 데이터 분석 실무 경험이 풍부하신 분 • R, Python(Pandas, Numpy, Scikit-learn) 등의 데이터 분석을 위한 언어를 1개 이상 능숙하게..."
https://kr.indeed.com/viewjobs?jk=b95d00f1145e5ef3,(광주취업맛집1위)2021년도 국비 기술교육생,대한상공회의소 광주인력개발원 광주 광산구,,통신·모바일·게임>빅데이터·AI(인공지능)>데이터분석|인터넷·IT·통신·모바일·게임>빅데이터·AI(인공지능)> Python|인터넷·IT·통신·모바일·게임>빅데이터·AI(인공지능)>머신러닝|인터넷·IT·통신·모바일·게임>빅데이터...
https://kr.indeed.com/viewjobs?jk=ff0d9391b85840fe,(주)바이오니아 2021년도 바이오인포메틱스 부문,바이오니아 대전 대덕구,,"자격요건] -. Bioinformatics 및 관련 분야 전공 -. 생물정보 분석 경험자 및 프로그래밍 가능자( python, perl, R, Java, c++) -. 생물학 관련 DB 활용 가능자(NCBI, Ensembl..."
https://kr.indeed.com/viewjobs?jk=233bbfd9781e846d,"Engr, Tech Supp 3",KLA-Tencor 대한민국,,background Excel macro/code development for log analysis Python Database development for production Open to NCG (New College...
https://kr.indeed.com/viewjobs?jk=5ba9459c73dec978,국내카드사 DW 개발/운영,제이엔커리어 서울 서초구,,"Presto 등 Hadoop Ecosystem의 이해 필요 - JAVA, Python 개발 경험자 - 프레임워크 외 오픈소스 도입 등의 유연한 사고... 의 이해 필요 - JAVA, Python 개발 경험자 - 프레임워크 외..."
https://kr.indeed.com/viewjobs?jk=c180958f6ef66e09,[국비무료/기숙사지원] 2021 혁신성장 빅데이터 분석가 양성 교육생,고려대학교 세종캠퍼스 세종특별자치시 세종,,모바일·게임>빅데이터·AI(인공지능)>데이터분석|인터넷·IT·통신·모바일·게임>빅데이터·AI(인공지능)> Python|인터넷·IT·통신·모바일·게임>빅데이터·AI(인공지능)>인공지능(AI)|인터넷·IT·통신·모바일·게임>빅데이...
https://kr.indeed.com/viewjobs?jk=34fa532c14506bb9,빅데이터·AI 기반 산업 혁신인재 양성 및 고용 [참여청년 추가 ],재단법인 부산정보산업진흥원 부산 해운대구,,통신·모바일·게임>빅데이터·AI(인공지능)>데이터분석|인터넷·IT·통신·모바일·게임>빅데이터·AI(인공지능)> Python|인터넷·IT·통신·모바일·게임>빅데이터·AI(인공지능)>머신러닝|인터넷·IT·통신·모바일·게임>빅데이터...
https://kr.indeed.com/viewjobs?jk=9fe4755841bec8ce,"데이터 분석 및 컨설팅 분야 (Python, SAS, 빅데이터) 경력직",한국정보기술단 과천 과천시,,"데이터 분석 및 컨설팅 분야 ( Python, SAS, 빅데이터) 경력직... 대졸 이상 (학사 이상 우대) - 데이터 분석 분야 경력 2년 이상 ( Python, R, SAS 기반의 DATA Preparation, 통계, 머신러..."
https://kr.indeed.com/viewjobs?jk=68b91ae2f6c66fa3,[뉴플랫폼기술] 클라우드 개발자 - Kubernetes,한국카카오은행 성남 분당구,,"운영 경험이 1년 이상인 분 · Cloud 환경에서 서비스 구축 및 운영 경험이 있는 분 · Golang, Python, NodeJS, Java 중 하나이상 프로그래밍 언어에 익숙한 분 우대사항 · 서비스 설계 단계부터 참여..."
https://kr.indeed.com/viewjobs?jk=0b8541aed6590a79,"[국비지원 전액무료/120명]AI(인공지능),BC(블록체인) 교육생",고려대학교 세종캠퍼스 세종특별자치시 세종,,목표 교육내용 강의시간(h) 교육형태 파이썬 빅데이터 프로그래밍 . Python의 프로그래밍 기술 파악 - 과정개요 소개(2H) - 기초 파이썬 문법... 게임>빅데이터·AI(인공지능)> Python|인터넷·IT·통신·모바일·게임...
https://kr.indeed.com/viewjobs?jk=2c370a4752632b5f,(주)엘솔루 웹 개발자,㈜엘솔루 서울,,Javascript / React / Python / NodeJS 개발... Stack 개발 유경험자 ㆍJavascript / React / Python / NodeJS 개발 유경험자 ㆍHTML 5 개발 가능자(필수) 1명...
https://kr.indeed.com/viewjobs?jk=50a4d23577c58924,2021년 2분기 에이비엘생명보험 신입/경력/인턴 직원,ABL생명보험 서울 영등포구,,"해외여행 결격 사유가 없는 자 - 유사 업무 5년 이상 경력(통계분석 및 언더라이팅) [우대사항] - 프로그래밍( Python, DB SQL 등) - 디지털 기술(Machine learning/Bigdata/AI 등) - MS..."
https://kr.indeed.com/viewjobs?jk=6aebabcddef7f514,Field Application Engineer,Nearfield Instruments 대한민국,,"troubleshooting. Preferably to have coding capability (Matlab, Python...etc... data analysis, visualization, and algorithm..."
https://kr.indeed.com/viewjobs?jk=4bd70fb8a220d90d,[Janssen] Data Scientist,Johnson & Johnson Family of Companies 4.2 서울,,"Expertise in one or more programming languages... R, Python or SAS. 7. Knowledge of relational database architecture..."
https://kr.indeed.com/viewjobs?jk=bc7d65215c8334f7,(신입/경력) 컴퓨터 비전 & 머신 러닝 엔지니어,플레이스에이 성남 분당구,,"다룰 수 있다 - C, C++, Python 언어 중 1개 이상 능숙하게... 딥러닝 프레임워크 중 1개 이상 다룰 수 있다 - C, C++, Python 언어 중 1개 이상 능숙하게 다룰 수 있다 - 최신 Detection..."
https://kr.indeed.com/viewjobs?jk=d59f1fe76c20e835,(주)솔라라이트 인공지능(AI)개발 인재,솔라라이트 대구 동구,"월급 2,000,000원",공지능(AI)|인터넷·IT·통신·모바일·게임>빅데이터·AI(인공지능)> Python|인터넷·IT·통신·모바일·게임>빅데이터·AI(인공지능)>딥러닝|인터... 통신·모바일·게임>응용프로그래머> Python|인터넷·IT·통신·모바일·게임...
https://kr.indeed.com/viewjobs?jk=da5d4dd560fb6f85,Data Scientist,Garrett Advancing Motion 경기도,,"System/Data Integration • High level programming skills ( Python, R, Matlab, C++ or Java) • Machine Learning Algorithms..."
https://kr.indeed.com/viewjobs?jk=aa4f54d9c677fd73,인프라보안,NHN 4.4 성남 판교역,,"영역별 취약점에 대한 충분한 이해 - CVE 보안취약점 분석 및 대응 역량 - C, Java, Python 등을 통한 업무 자동화 및 분석도구 개발 경험 - 리버스 엔지니어링에 능숙하거나 다수의 버그바..."
https://kr.indeed.com/viewjobs?jk=39e99c8ed1d40a8f,2021 토스 전 계열사 대규모,비바리퍼블리카 서울 강남구,,게임>빅데이터·AI(인공지능)> Python|인터넷·IT·통신·모바일·게임... 용프로그래머>Linux|인터넷·IT·통신·모바일·게임>응용프로그래머> Python|인터넷·IT·통신·모바일·게임>응용프로그래머>iOS|인터넷·IT·통신...
https://kr.indeed.com/viewjobs?jk=464ad076ec3e1fa0,CHC – Business intelligence - TOM_2136,Sanofi 4.1 서울,,"degree in related field Business-level experience with R, Python Experience owning the analytics and performance of a large..."
https://kr.indeed.com/viewjobs?jk=18f62dc644a89e0c,2021 Global Data Internship - Seoul (Kor...,Bloomberg 서울,,"work experience using one or more programming language (e.g. Python, JavaScript, SQL, etc.) Prior coursework or involvement..."
https://kr.indeed.com/viewjobs?jk=e8a4630bec0783e8,2021 Market Data Analyst - Seoul,Bloomberg 서울,,"work experience using one more programming language... Python, SQL and R Fluency in Korean and English (both spoken..."
https://kr.indeed.com/viewjobs?jk=c54efba262d86ecc,[EY컨설팅] 컨설팅본부 Data & Analytics팀 경력 컨설턴트...,Ernst & Young 4.0 대한민국,,"분석 컨설팅 - 데이터 전처리, 머신러닝, 딥러닝 및 통계적 분석 프로그램 개발 * 필수 자격 - SQL, Python, R을 활용한 데이터 전처리 및 분석 모델링 경험자 - 통계 분석, ML, DL의 지식 보유..."
https://kr.indeed.com/viewjobs?jk=d136d5b4d86f5c61,2021 업무혁신(PI) 신입사원,LG디스플레이 3.4 경기도 파주,,"유자 우대조건 - BI(Business Intelligence) Tool 활용능력 보유자 - 통계/분석(R, Python) Tool 활용능력 보유자 담당업무 - 공정 제어 PI (공정 변동 관리 업무) 필수조건 - 산업공학..."
https://kr.indeed.com/viewjobs?jk=00c30d286ee5c97f,[충청권/50명]인공지능(AI) 기본과정+고급과정 훈련생 대,청주대학교산학협력단 청주 상당구,,19~22시 120시간 10주 인공지능 기본과정 (120h) 인공지능 Python을 이용한 기초 프로그래밍 교육 · 기초 프로그래밍 · 머신러닝 라이... 게임>빅데이터·AI(인공지능)> Python|인터넷·IT·통신·모바일·게임...
https://kr.indeed.com/viewjobs?jk=583c20483b4f707b,2021 IT분야 경력직,위세아이텍 성남 분당구,,"위한 데이터마트 설계 및 개발 예측분석 컨설팅, 정형/비정형 융합분석 등업무관련 3년 이상 경력자 R, Python 가능한 사람 [우대사항] 예측분석 컨설팅 및 프로젝트 PM/PL 경험자 관련분야 사업제안 및 교육 경험자..."
https://kr.indeed.com/viewjobs?jk=07f1ee457882c331,21년 IT직무 경력사원,롯데정보통신 서울 금천구,,"개발자 - OS, Android App 개발자 - Web 프로그램 개발자 (DHML5, JAVA, C#, Python 등) - 관련 업무 경험 4년 이상 보유자 가산동 본사 모바일 개발 (Web/App) - 헬스케어 플랫폼..."
https://kr.indeed.com/viewjobs?jk=f0b26e01bccd1591,[김해 포스트코로나 청년일자리 지원 사업] 2021년 (주)디앤알팩토리...,디앤알팩토리 경상남도 김해,"월급 2,300,000원","성과금 지급, 정기 휴가. 직무 내용 - 직무 내용 : Mavlink Protocol, Arduino, Python, C / C+, Java 를 이용한 소프트웨어 개발. [근무시간 및 형태] 주 5일 근무 (오전) 10시..."
https://kr.indeed.com/viewjobs?jk=650893f0672cebc3,테크센터개발팀 - 웹 프로그래머,Nexon 성남 분당구,,"웹 어플리케이션 개발 경력 3년 이상 - 프로그래밍 언어 무관 (C#, Java, Javascript, Python, Go, PHP 등) - 프레임워크 무관 ( .NET MVC, Spring, node.js(Express..."
https://kr.indeed.com/viewjobs?jk=69ab0f58743cb713,21년 전문연구요원 (AI엔지니어),Nexon 성남 분당구,,"대상자 - 병역의무가 없거나 면제된 분, 병역의 의무를 마치신 분은 본 공고의 대상에서 제외됨 - Python에 숙련된 프로그래밍 능력과 머신러닝 라이브러리 활용 경험 - 머신러닝과 강화학습에 관련된 지식 습득 혹은..."
https://kr.indeed.com/viewjobs?jk=d05f4a61fa7270c9,Sr Field Engineer I,Raytheon Intelligence & Space 경기도 오산,,"Redhat Linux System Administration, UNIX shell/PERL/ python scripting, Cisco network administration, Oracle or Weblogic..."
https://kr.indeed.com/viewjobs?jk=8ae150ee0df56848,Application Engineer South Korea (Physic...,Zurich Instruments 부산 +1 지역,,"Korean * experience in programming languages LabVIEW, MATLAB, Python or C is a plus * availability to travel, around 25..."
https://kr.indeed.com/viewjobs?jk=68486bb7da29a05b,Sr. Application Engineer - HAV,Mentor Graphics (Korea) LLC 4.0 경기도 성남,,"Proficient in scripting languages used today. (e.g., Perl, Python, various shell scripts/Makefiles, XML, JSON, etc.) Good..."
https://kr.indeed.com/viewjobs?jk=251ec7deb78d7813,2021년 상반기 Python 경력,매크로액트 성남 수정구,,커리어에 이력서를 등록하지 않으셨다면!! 상세 이력서 등록하기 지원양식 커리어 온라인 이력서 직무/산업 직무별(직종) 웹프로그래머 Python 응용프로그래머응용프로그래머 산업별(업종) 솔루션.ASP.소프트웨어 소프트웨어개발
https://kr.indeed.com/viewjobs?jk=4cdfac841bdfb456,[국내 최고회사] Back-End 개발자,인코리아 프로페셔널 성남 분당구,,로그래머>백엔드|인터넷·IT·통신·모바일·게임>웹프로그래머>웹개발|인터넷·IT·통신·모바일·게임>웹프로그래머> Python|인터넷·IT·통신·모바일·게임>데이터베이스·DBA>NoSQL|인터넷·IT·통신·모바일·게임>데이터베이스...
https://kr.indeed.com/viewjobs?jk=4665562997b87ff0,글로벌 소셜카지노 부문 사업PM,네오위즈 대한민국,,슬롯/블랙잭 등의 카지노 게임에 대한 이해도가 있으신 분 2. SQL 사용이 익숙하신 분 3. 엑셀/R/ Python을 활용해 통계 분석이 가능하신 분 4. 영어 활용 능력이 높으신 분 * 면접 일정 안내는 서류 합격...
https://kr.indeed.com/viewjobs?jk=05aa5498d84c58e1,데이터 엔지니어(신입/경력),쏘카 대한민국,,"있는 분 • 데이터 분석팀 및 유관 부서와의 원활한 소통을 위한 기본적인 쿼리 작성 능력을 갖춘 분 • Python 또는 Java, Scala, C++, C# 등의 언어를 최소 1개 이상 능숙하게 사용할 수 있는 분 • 대용..."
https://kr.indeed.com/viewjobs?jk=b102b3d8f193a4c1,2021 GEDP (Global Engineering Developmen...,GE Appliances 경기도 성남,,using C programming language Scripting languages like Lua/ Python/JavaScript may also be used if needed Support connected...
https://kr.indeed.com/viewjobs?jk=00c30d286ee5c97f,[충청권/50명]인공지능(AI) 기본과정+고급과정 훈련생 대,청주대학교산학협력단 청주 상당구,,19~22시 120시간 10주 인공지능 기본과정 (120h) 인공지능 Python을 이용한 기초 프로그래밍 교육 · 기초 프로그래밍 · 머신러닝 라이... 게임>빅데이터·AI(인공지능)> Python|인터넷·IT·통신·모바일·게임...
https://kr.indeed.com/viewjobs?jk=78f5465432356e17,Sr Systems Administrator I,Raytheon Intelligence & Space 대한민국,,"Experience with Linux/Unix scripting, C++, Java, Perl, Python, Sybase... SQL. - Experience with Linux/Unix tools, YUM..."
https://kr.indeed.com/viewjobs?jk=790d6275c9dd7be8,Data Scientist 모집,한독약품 서울,,"관련 경력 3년 이상 Healthcare data 분석 경험자 데이터 분석 Tool (SQL, Python, R중 하나 이상) 활용자 Tableau, Power BI 활용 경험자 MS Office (특히..."
https://kr.indeed.com/viewjobs?jk=4f319862856fe9c1,"Software Engineer, Machine Learning",Google 4.3 서울,,Machine Learning or AI. Programming experience in C++ and Python. Preferred qualifications: PhD or equivalent experience...
https://kr.indeed.com/viewjobs?jk=05aa5498d84c58e1,데이터 엔지니어(신입/경력),쏘카 대한민국,,"있는 분 • 데이터 분석팀 및 유관 부서와의 원활한 소통을 위한 기본적인 쿼리 작성 능력을 갖춘 분 • Python 또는 Java, Scala, C++, C# 등의 언어를 최소 1개 이상 능숙하게 사용할 수 있는 분 • 대용..."
https://kr.indeed.com/viewjobs?jk=144c42a3c09caa9b,파이썬 신입 개발자 (정규직),쇼엠 인천 연수구,,실이 있을 경우 채용이 취소될 수 있습니다. 인터넷·IT·통신·모바일·게임>웹프로그래머> Python|인터넷·IT·통신·모바일·게임>응용프로그래머> Python|인터넷·IT·통신·모바일·게임>빅데이터·AI(인공지능)> Python
https://kr.indeed.com/viewjobs?jk=9fe4755841bec8ce,"데이터 분석 및 컨설팅 분야 (Python, SAS, 빅데이터) 경력직",한국정보기술단 과천 과천시,,"데이터 분석 및 컨설팅 분야 ( Python, SAS, 빅데이터) 경력직... 대졸 이상 (학사 이상 우대) - 데이터 분석 분야 경력 2년 이상 ( Python, R, SAS 기반의 DATA Preparation, 통계, 머신러..."
https://kr.indeed.com/viewjobs?jk=57ad151ff89a3275,Engineering Manager - EdgeX - IoT,Canonical - Jobs 서울,,"engineer Significant programming experience in C, Golang, Python, or like languages A solid understanding... makeup..."
https://kr.indeed.com/viewjobs?jk=4698c0e2364b5576,[넥슨·엔씨소프트등] 자바·파이썬 응용SW 개발자 양성교육 · 동종업계...,한국직업전문학교 서울 구로구,,통신·모바일·게임>응용프로그래머> Python|인터넷·IT·통신·모바일·게임... 웹프로그래머> Python|인터넷·IT·통신·모바일·게임>웹프로그래머>웹개발|인터넷·IT·통신·모바일·게임>빅데이터·AI(인공지능)> Python|인터넷...
https://kr.indeed.com/viewjobs?jk=4f2835fd73c9e3c7,Application Engineer III - (E3),Applied Materials Inc. 대한민국,,"trainer. 7. Direct experience of algorithm writing (e.g., R, Python... plus. 8. Travel to international locations at ~25..."
https://kr.indeed.com/viewjobs?jk=07b71237ba56eb95,"Python, C++, VB,JAVA 가능자 긴급",유디에이시스템 서울 구로구,,"[직무내용] - Python, C++(Builder), JAVA 언어를 배우고 싶은 초보자 환영. - 다양한 언어를 활용한 ERP,MES, 안드로이드 앱 개발. [근무시간 및 형태] 주 5일 근무 (오전) 9시 00분~(오후..."
https://kr.indeed.com/viewjobs?jk=094f2d843194ea1f,AppArmor Security Engineer,Canonical - Jobs 서울,,"grasp of Linux security technologies You are skilled in C, Python, and other programming languages You have experience..."
https://kr.indeed.com/viewjobs?jk=96f919d43a5c77b6,2021년 혁신성장 청년인재 집중양성사업 교육생 (빅데이터/인공지능),한국생산성본부 4.0 서울 중구,,게임>웹프로그래머>백엔드|인터넷·IT·통신·모바일·게임>웹프로그래머> Python|인터넷·IT·통신·모바일·게임>응용프로그래머>C#|인터넷·IT·통신... 게임>빅데이터·AI(인공지능)> Python|인터넷·IT·통신·모바일·게임...
https://kr.indeed.com/viewjobs?jk=661a80939b1acd30,Solutions Engineer,f5 서울,,"Kubernetes) • Proficient in one or more programming languages ( Python, JavaScript, Golang, etc.) What you’ll bring: • 5 +..."
https://kr.indeed.com/viewjobs?jk=18ed6f92a291d134,Sr. Manager for Logistics digital transf...,Thermo Fisher Scientific 3.5 서울,,"Excel (VBA, power pivots) skills - Experience in R studio, Python, data modeling, and hypothesis testing is a plus - Must..."
https://kr.indeed.com/viewjobs?jk=68486bb7da29a05b,Sr. Application Engineer - HAV,Mentor Graphics (Korea) LLC 4.0 경기도 성남,,"Proficient in scripting languages used today. (e.g., Perl, Python, various shell scripts/Makefiles, XML, JSON, etc.) Good..."
https://kr.indeed.com/viewjobs?jk=7b04030358d701b1,[서울시뉴딜] 디지털사이니지 · 실감콘텐츠 분야 전문인력 양성 교육 /...,스마트미디어산업진흥협회 서울,,통신·모바일·게임>웹프로그래머> Python|인터넷·IT·통신·모바일·게임... 로그래머>머신러닝(ML)|인터넷·IT·통신·모바일·게임>응용프로그래머> Python|인터넷·IT·통신·모바일·게임>응용프로그래머>증강현실(AR)|인터넷...
https://kr.indeed.com/viewjobs?jk=409c1253b2dde75b,동국대학교 데이터분석팀 연구원(계약직) 채용공고,동국대학교 4.3 서울 필동,,"자 4) 남자의 경우 병역필 또는 면제자 5) 한글, MS OFFICE 등 기본 문서작업 가능자 6) Python, R 프로그래밍 언어 사용 가능자 우대 2. 모집인원 : O명 3. 근무조건 및 계약기간 구 분..."
https://kr.indeed.com/viewjobs?jk=5015781911d160c4,한화생명 플랫폼개발팀 개발자 경력채용,한화그룹 4.2 서울,,"많은 분 (AWS CDK) • Python 또는 Java 기반 개발 경험... 실력 • 웹과 모바일 앱에 대한 높은 이해 • Java, Node.js, Python 등 테스트 자동화를 위한 개발 능력 • 논리적 사고와 문제 분석..."
https://kr.indeed.com/viewjobs?jk=251ec7deb78d7813,2021년 상반기 Python 경력,매크로액트 성남 수정구,,커리어에 이력서를 등록하지 않으셨다면!! 상세 이력서 등록하기 지원양식 커리어 온라인 이력서 직무/산업 직무별(직종) 웹프로그래머 Python 응용프로그래머응용프로그래머 산업별(업종) 솔루션.ASP.소프트웨어 소프트웨어개발
https://kr.indeed.com/viewjobs?jk=28b676c81d7ef247,OPC Applications Engineer,Synopsys 경기도 성남,,"skills, including Windows, Linux, scripting (e.g. TCL, Python, Perl) and programming skills. Experience with MATLAB or TCL..."
https://kr.indeed.com/viewjobs?jk=13c255d208b7a645,금융공학연구소 신입 및 경력직원,KIS채권평가 대한민국,,"담당업무: - 금융공학 연구 및 개발 *필요 직무 능력: 1. 금융공학, 수학/통계 관련 전공자 2. C / Python 프로그래밍 가능한 자 3. 우대 조건 - Derivatives Pricing에 대한 이해 및 경험 우대..."
https://kr.indeed.com/viewjobs?jk=be95b5718905880f,AI/빅데이터/클라우드 분야 (인재 Pool),LG유플러스 3.8 서울,,"Science를 위한 언어(R/ Python) 및 Tool(scikit-learn/Tensorflow 등) 능숙자 . Deep Learning Model 구현 경험자 . Java, Python등을 이용하여 분석을 위한 Data..."
https://kr.indeed.com/viewjobs?jk=5d4ef5faadd96b30,"[대성] 개발자 채용 | 앱개발,Java,Python,objective",대성 관심기업 전주 팔복동,,"근무조건 정규직 급여 면접후 결정 주 5일 | 오전 9시~오후 6시 undefined 전북전체, 전북 전주시 지원자격 신입, 경력 무관, 경력무관 학력무관 우대조건 해당업무 인턴경험, 해당업무 근무경험, 컴퓨터활용 우수..."
https://kr.indeed.com/viewjobs?jk=b102b3d8f193a4c1,2021 GEDP (Global Engineering Developmen...,GE Appliances 경기도 성남,,using C programming language Scripting languages like Lua/ Python/JavaScript may also be used if needed Support connected...
https://kr.indeed.com/viewjobs?jk=aa4f54d9c677fd73,인프라보안,NHN 4.4 성남 판교역,,"영역별 취약점에 대한 충분한 이해 - CVE 보안취약점 분석 및 대응 역량 - C, Java, Python 등을 통한 업무 자동화 및 분석도구 개발 경험 - 리버스 엔지니어링에 능숙하거나 다수의 버그바..."
https://kr.indeed.com/viewjobs?jk=92a3c458d76803d2,[진행중]우리은행 마이데이터ACT 전문직 (데이터 사이언티스트(데이터 분...,우리은행 4.5 서울 회현동,,"이터 분석 업무 경력 5년 이상 보유자(관련 서비스 기획, 운영 경력 합산) - 데이터 분석 관련 언어( Python, R 등) 사용 능력 및 분석 결과의 실제 서비스 적용 경험 보유자 - 적극적이고 원만한 커뮤니케이션..."
https://kr.indeed.com/viewjobs?jk=a2b8aae664300392,신한AI 인공지능(AI) 인력,신한에이아이 서울 영등포구,,"련전공 : 인공지능 / 수학 / 산업공학 / 컴퓨터공학 / 통계 관련 [우대사항] - 프로그래밍 숙련자 ( python 外 C++, Java 등) - 금융데이터 또는 시계열 데이터 기반 인공지능 모델 구축 및 운영경험 - 강화..."
https://kr.indeed.com/viewjobs?jk=b5b88516a299bbb2,(주)신세계아이앤씨 경력사원 상시,신세계아이앤씨 서울 중구,,"0명 공통사항 -. 자동화 Tool에 대한 이해 보유자 -. JAVA, C, JavaScript, Python, HTML, JSP 등 프로그래밍 언어 개발 경험자... Process 및 Process Mangement에..."
https://kr.indeed.com/viewjobs?jk=ee2cad5a4861601b,[이마트24] [Data Scientist] 경력사원 모집(Senior),신세계 4.5 대한민국,,"Data 분석 관련업무 최소 5년 이상(과장/대리급) - 통계/분석 관련업무 수행역량 보유자 - R, Python, SQL 등 통계/분석 프로그램 활용역량 및 Machine Learning/Deep Learning..."
https://kr.indeed.com/viewjobs?jk=cfc6c4d6a4cd83bd,Senior Analyst - Data Analytics,McKinsey & Company 4.3 서울,,"skills with python, R Knowledge... suited... business problem (using Python, SAS, SQL, R and other relevant tools..."
https://kr.indeed.com/viewjobs?jk=69ab0f58743cb713,21년 전문연구요원 (AI엔지니어),Nexon 성남 분당구,,"대상자 - 병역의무가 없거나 면제된 분, 병역의 의무를 마치신 분은 본 공고의 대상에서 제외됨 - Python에 숙련된 프로그래밍 능력과 머신러닝 라이브러리 활용 경험 - 머신러닝과 강화학습에 관련된 지식 습득 혹은..."
https://kr.indeed.com/viewjobs?jk=7d4bc2a107c6669b,Customer Engineer,Microsoft 4.2 서울,,least 5 years welcome experience in model development using python or R. Experience in migrating from one database to another...
https://kr.indeed.com/viewjobs?jk=b4443754bb4507bb,21년 BigData/연구소 경력사원,롯데정보통신 서울 금천구,,"석/박사 우대) - AI, 통계학, 수학과, 산업공학 등 - 머신러닝/딥러닝 모형 구축 경험자 - R/ Python 활용 분석모형 구축 경험자 - ADsP, ADP 등 분석관련 자격증 소지자 우대 가산동 본사 그룹사 PJT..."
https://kr.indeed.com/viewjobs?jk=112e58d399a83a19,BIM Manager,SYSTRA 서울,,"Openroads, Navigator. Microsoft: Office 365. IT language: Python (A plus) Others: Dynamo (A plus) Job Segment: Engineer..."
https://kr.indeed.com/viewjobs?jk=c8c02d6751fce8a8,Python 경력 정규직,브라이트컨설팅 서울 강남구,,브라이트컨설팅 Python 경력 정규직 채용 모집부문 및 자격요건 담당업무 자격요건 인원 [자격요건] 경력사항: 경력(7년 이상 12년 이하) 학력사... 수 있습니다. 인터넷·IT·통신·모바일·게임>응용프로그래머> Python
https://kr.indeed.com/viewjobs?jk=a64e1e21f61265ce,각 분야별 인재 Pool 등록,지투알 서울,,"자 - 데이터 분석 툴(Adobe Analytics 또는 Google Analytics) 유경험자 우대 - Python, R, SQL 역량 보유자 우대 - 데이터에 기반한 문제해결 능력 및 통계학적 지식 보유자 우대 - 담당..."
https://kr.indeed.com/viewjobs?jk=bc7d65215c8334f7,(신입/경력) 컴퓨터 비전 & 머신 러닝 엔지니어,플레이스에이 성남 분당구,,"다룰 수 있다 - C, C++, Python 언어 중 1개 이상 능숙하게... 딥러닝 프레임워크 중 1개 이상 다룰 수 있다 - C, C++, Python 언어 중 1개 이상 능숙하게 다룰 수 있다 - 최신 Detection..."
https://kr.indeed.com/viewjobs?jk=4665562997b87ff0,글로벌 소셜카지노 부문 사업PM,네오위즈 대한민국,,슬롯/블랙잭 등의 카지노 게임에 대한 이해도가 있으신 분 2. SQL 사용이 익숙하신 분 3. 엑셀/R/ Python을 활용해 통계 분석이 가능하신 분 4. 영어 활용 능력이 높으신 분 * 면접 일정 안내는 서류 합격...
https://kr.indeed.com/viewjobs?jk=0feb2770202a5be1,(주)넷타겟 연구원 (웹프론트엔드 개발자),넷타겟 대전 유성구,,"bash, python, 등)으로 기존에 작성된 다양한 과학계산 코드들을 웹서비스의 형태로 구현하기 - 과학계산 Software API( Python... Django framework( Python) 에 대한 이해 - 새로운 기술..."
https://kr.indeed.com/viewjobs?jk=c130ad24ffc25b72,기술연구소 (AI연구 및 Python개발 / 드론 영상처리),선영종합엔지니어링 고양 덕양구,,어링 기술연구소 (AI연구 및 Python개발 / 드론 영상처리) 채용 4... 프로그래밍 ㆍBig Data 활용 및 Smart plant ㆍR 및 Python 기반 프로그램 개발 ㆍ정부출연사업 제안서 작성 [근무부서 및 직급...
https://kr.indeed.com/viewjobs?jk=9c4f4236ac42f224,DBA 엔지니어,쏘카 대한민국,,"시계열 데이터베이스(InfluxDB) 구축 운영 경험이 있으신 분 • 자동화를 위한 스크립트 (Shell, Python, Ansible) 지식을 보유하신 분 • 새로운 기술 도입에 대한 오픈 마인드를 가지고 계신 분 전형절차..."
https://kr.indeed.com/viewjobs?jk=cd2ef993ee5c8d3f,지스트 블록체인인터넷경제연구센터 계약직(연구원),광주과학기술원 광주 북구,,록체인 개발 블록체인 하드포크 1) 4년제 대학 이상 졸업자 2) SW프로그래밍 제작 경험자 3) Python/C/Java/Go 프로그래밍 가능자 4) 팀장급은 개발 경험 10년 이상인 자 연구직 1명 우대사...
https://kr.indeed.com/viewjobs?jk=754be9e3d78fa802,2021년 상반기 R&D 개발자 (병역특례 가능/경력 무관),네오스텍 인천 연수구,,"담당업무: - 블루투스 메시 기반 위치 추적 솔루션 개발 - 상기 솔루션의 임베디드 펌웨어 개발 - C(필수), Python, Javascript 프로그래밍 언어 사용 - 기술 지원 [자격요건] 경력사항: 무관 (신입도 지원..."
https://kr.indeed.com/viewjobs?jk=8188fd96cce5bddc,[우수훈련기관]전액무료 IT교육받고 취업하자,휴먼교육센터 청주 흥덕구,,UI 개발자 데이터베이스 개발자 AI활용 소프트웨어 개발자 JAVA& Python개발자 접수방법 및 접수기간 접수기간 : 2021년 02월 17일까지... 게임>빅데이터·AI(인공지능)> Python|인터넷·IT·통신·모바일·게임...
https://kr.indeed.com/viewjobs?jk=011e6ca8a669f12e,2021년 3월 신입/경력,나이스피앤아이 서울 여의도,,"상경계열, 통계학, 수학, 공학 전공 - 프로그래밍 및 통계 Package 활용 (VBA, C++, R, Python, Matlab 등) - 유관 전공 석사, 박사(과정) 2. 기업가치평가 부문(신입/경력) [담당업무..."
https://kr.indeed.com/viewjobs?jk=955a438bde0d3006,패시브솔루션본부 퀀트운용팀 경력직(기간연장),엔에이치아문디자산운용 대한민국,,"통계, 산업공학, 금융공학 등 관련 학과 전공자 우대 - 프로그래밍 능력 (VBA, MS SQL, R, Python) 우대 - 영어 능력 우수자 우대 * 공통 우대사항 - 보훈대상자, 장애인 등 취업보호 대상자 3. 전형방..."
https://kr.indeed.com/viewjobs?jk=345d32618c100305,데이터 분석 전문가,이베이 코리아 서울 강남구,,"발전 시키는데 익숙하신 분 - 개발, UX, 마케팅 등 다양한 유관부서와의 커뮤니케이션이 뛰어나신 분 - Python, SQL 등을 활용하여 다양한 Raw Data 분석을 경험하신 분 [우대사항] - 데이터 분석가/퍼포먼..."
https://kr.indeed.com/viewjobs?jk=18b288e9021d899f,NAVER IDC 서버 운영/관리,NIT Service 춘천 동면,,"Web, WAS에 대한 지식과 System application 운영 경험 - Shell script, python 활용 가능 - 해외 데이터센터 인프라 구축 또는 운영 경험 - 국가보훈대상자 및 장애인은 법령에 의거 우대..."
https://kr.indeed.com/viewjobs?jk=44a4245679066940,Data Science 컨설턴트 - 글로벌 컨설팅펌,에스에프인촌 서울 서초구,,"분석 등을 통한 Insight 도출 자격요건 통계학과/산업공학과/컴퓨터공학과 등 유관 학과 졸업/석박사 우대 Python 등 관련 코딩 경력 빅데이터, 통계, Machine Learning, 알고리즘 등 Artificial..."
https://kr.indeed.com/viewjobs?jk=a64e1e21f61265ce,각 분야별 인재 Pool 등록,지투알 서울,,"자 - 데이터 분석 툴(Adobe Analytics 또는 Google Analytics) 유경험자 우대 - Python, R, SQL 역량 보유자 우대 - 데이터에 기반한 문제해결 능력 및 통계학적 지식 보유자 우대 - 담당..."
https://kr.indeed.com/viewjobs?jk=df21e3bb5d773616,Python Programmer,Mofac 서울 서초구,,개발 – JAVA 프로그래밍(라이브러리 활용) – Spring 프레임 워크 개발 – Python API 프로그래밍 우대사항 – Python 개발 경험 – Open Source 라이브러리 개발경험 – Web 표준에 대한 경험...
https://kr.indeed.com/viewjobs?jk=b836cc551f8d1692,[EY컨설팅] 컨설팅본부 Data & Analytics팀 인턴 모집,EY 4.0 대한민국,,"분석 컨설팅 - 데이터 전처리, 머신러닝, 딥러닝 및 통계적 분석 프로그램 개발 * 필수자격 - Python 또는 SQL을 활용한 데이터 전처리 및 분석 모델링 가능자 - Tensorflow, Pytorch와 같은..."
https://kr.indeed.com/viewjobs?jk=0feb2770202a5be1,(주)넷타겟 연구원 (웹프론트엔드 개발자),넷타겟 대전 유성구,,"bash, python, 등)으로 기존에 작성된 다양한 과학계산 코드들을 웹서비스의 형태로 구현하기 - 과학계산 Software API( Python... Django framework( Python) 에 대한 이해 - 새로운 기술..."
https://kr.indeed.com/viewjobs?jk=4f2835fd73c9e3c7,Application Engineer III - (E3),Applied Materials Inc. 대한민국,,"trainer. 7. Direct experience of algorithm writing (e.g., R, Python... plus. 8. Travel to international locations at ~25..."
https://kr.indeed.com/viewjobs?jk=c8c02d6751fce8a8,Python 경력 정규직,브라이트컨설팅 서울 강남구,,브라이트컨설팅 Python 경력 정규직 채용 모집부문 및 자격요건 담당업무 자격요건 인원 [자격요건] 경력사항: 경력(7년 이상 12년 이하) 학력사... 수 있습니다. 인터넷·IT·통신·모바일·게임>응용프로그래머> Python
https://kr.indeed.com/viewjobs?jk=ac27a29a6579590a,"아두이노 등 임베디드SW, 드론솔루션 신입/경력 정규직",탱고드론 성남 분당구,"연봉 25,000,000원 - 30,000,000원","력사항: 학력무관 직무기술: 드론솔루션, 아두이노 등 임베디드SW, Python, 택배드론, 국방드론 무기체계, 드론HW제작, 원격수질측정드론, 화재... 통신·모바일·게임>응용프로그래머> Python|인터넷·IT·통신·모바일·게임..."
https://kr.indeed.com/viewjobs?jk=28b676c81d7ef247,OPC Applications Engineer,Synopsys 경기도 성남,,"skills, including Windows, Linux, scripting (e.g. TCL, Python, Perl) and programming skills. Experience with MATLAB or TCL..."
https://kr.indeed.com/viewjobs?jk=bc7d65215c8334f7,(신입/경력) 컴퓨터 비전 & 머신 러닝 엔지니어,플레이스에이 성남 분당구,,"다룰 수 있다 - C, C++, Python 언어 중 1개 이상 능숙하게... 딥러닝 프레임워크 중 1개 이상 다룰 수 있다 - C, C++, Python 언어 중 1개 이상 능숙하게 다룰 수 있다 - 최신 Detection..."
https://kr.indeed.com/viewjobs?jk=649ccf047c868778,"금융 데이터 분석 엔진, 로보어드바이저 개발자",에스비씨엔 서울 영등포구,,"시스템, 머신러닝, 자연어처리. 패턴분석 - 다음 언어에서 최소 한 가지 이상 능숙자: Java, C++, Python, JavaScript 우대사항 - 석사이상 컴퓨터공학 (Computer Science) 분야 또는..."
https://kr.indeed.com/viewjobs?jk=8188fd96cce5bddc,[우수훈련기관]전액무료 IT교육받고 취업하자,휴먼교육센터 청주 흥덕구,,UI 개발자 데이터베이스 개발자 AI활용 소프트웨어 개발자 JAVA& Python개발자 접수방법 및 접수기간 접수기간 : 2021년 02월 17일까지... 게임>빅데이터·AI(인공지능)> Python|인터넷·IT·통신·모바일·게임...
https://kr.indeed.com/viewjobs?jk=2054288dc83a5a88,[진행중]우리은행 AI사업부 전문직(인공지능(AI) 모델링) 채용공고,우리은행 4.5 서울 회현동,,"서비스 기획 경험자 - Tensorflow, Pytorch 등 머신러닝 도구 활용 역량 보유 - Python, R 등 프로그래밍 활용 역량 보유 - 은행, 카드, 보험 등 금융 분야 프로젝트 경험자 우대사항..."
https://kr.indeed.com/viewjobs?jk=d05f4a61fa7270c9,Sr Field Engineer I,Raytheon Intelligence & Space 경기도 오산,,"Redhat Linux System Administration, UNIX shell/PERL/ python scripting, Cisco network administration, Oracle or Weblogic..."
https://kr.indeed.com/viewjobs?jk=be95b5718905880f,AI/빅데이터/클라우드 분야 (인재 Pool),LG유플러스 3.8 서울,,"Science를 위한 언어(R/ Python) 및 Tool(scikit-learn/Tensorflow 등) 능숙자 . Deep Learning Model 구현 경험자 . Java, Python등을 이용하여 분석을 위한 Data..."
https://kr.indeed.com/viewjobs?jk=c58d20943e9dce58,테크니컬 오디오 디자이너(Technical Audio Designer)...,엔씨소프트 2.7 성남 판교역,,"4 활용 능력 - Protools, Reaper 등의 DAW 활용 능력 - 스크립팅 언어 활용 능력 ( Python, Lua, R 등) - 커뮤니케이션 능력 우대사항 - Wwise 자격증 보유 (101, 201, 251..."
https://kr.indeed.com/viewjobs?jk=bfe0f5ac4f32ec89,추천 통계분석/데이터사이언티스트,카카오 4.0 성남 판교역,,"또는 통계, 수학 관련 분야의 석사 및 박사 학위 소지자 숙련된 데이터분석 능력 데이터 사이언스를 위한 언어( Python/R) 를 하나 이상 능숙하게 다룰 수 있으신 분 분석 결과를 설득력있게 전달할 수 있는 분 우대사항..."
https://kr.indeed.com/viewjobs?jk=a2b8aae664300392,신한AI 인공지능(AI) 인력,신한에이아이 서울 영등포구,,"련전공 : 인공지능 / 수학 / 산업공학 / 컴퓨터공학 / 통계 관련 [우대사항] - 프로그래밍 숙련자 ( python 外 C++, Java 등) - 금융데이터 또는 시계열 데이터 기반 인공지능 모델 구축 및 운영경험 - 강화..."
https://kr.indeed.com/viewjobs?jk=18ed6f92a291d134,Sr. Manager for Logistics digital transf...,Thermo Fisher Scientific 3.5 서울,,"Excel (VBA, power pivots) skills - Experience in R studio, Python, data modeling, and hypothesis testing is a plus - Must..."
https://kr.indeed.com/viewjobs?jk=dfe4f3638b0d10d2,블록체인 센터 백엔드 개발자 (경력),네오위즈 대한민국,,"센터 백엔드 개발자 (경력) 담당업무 블록체인을 이용한 서비스의 백엔드 설계 및 개발 자격요건 - Python/Node.js/Java 중 1가지 이상의 언어로, 서비스를 개발하는 것에 익숙한 분 - Restful API..."
https://kr.indeed.com/viewjobs?jk=661a80939b1acd30,Solutions Engineer,f5 서울,,"Kubernetes) • Proficient in one or more programming languages ( Python, JavaScript, Golang, etc.) What you’ll bring: • 5 +..."
https://kr.indeed.com/viewjobs?jk=c130ad24ffc25b72,기술연구소 (AI연구 및 Python개발 / 드론 영상처리),선영종합엔지니어링 고양 덕양구,,어링 기술연구소 (AI연구 및 Python개발 / 드론 영상처리) 채용 4... 프로그래밍 ㆍBig Data 활용 및 Smart plant ㆍR 및 Python 기반 프로그램 개발 ㆍ정부출연사업 제안서 작성 [근무부서 및 직급...
https://kr.indeed.com/viewjobs?jk=cfc6c4d6a4cd83bd,Senior Analyst - Data Analytics,McKinsey & Company 4.3 서울,,"skills with python, R Knowledge... suited... business problem (using Python, SAS, SQL, R and other relevant tools..."
https://kr.indeed.com/viewjobs?jk=d136d5b4d86f5c61,2021 업무혁신(PI) 신입사원,LG디스플레이 3.4 경기도 파주,,"유자 우대조건 - BI(Business Intelligence) Tool 활용능력 보유자 - 통계/분석(R, Python) Tool 활용능력 보유자 담당업무 - 공정 제어 PI (공정 변동 관리 업무) 필수조건 - 산업공학..."
https://kr.indeed.com/viewjobs?jk=ba7966a3fe799433,[지원하자규] (주)규의 유능한 프로그래머,규 대한민국,"월급 2,000,000원",그래머>웹개발|인터넷·IT·통신·모바일·게임>웹프로그래머>HDML|인터넷·IT·통신·모바일·게임>웹프로그래머> Python|인터넷·IT·통신·모바일·게임>웹프로그래머>JAVA|인터넷·IT·통신·모바일·게임>웹프로그래머>HTML...
https://kr.indeed.com/viewjobs?jk=2b2dcd3ffe3d53df,카카오 데이터의 가치를 발굴할 데이터 분석가 모집,카카오 4.0 성남 판교역,,"기술 통계량 이해 및 해석) 데이터 분석 업무를 수행할 수 있는 언어 스킬 필수 SQL 필수 R 또는 Python을 다룰 수 있는 분 (SAS, SPSS, GA, tableau 등 통계 툴만 사용 가능한 경우 제외) 하둡..."
https://kr.indeed.com/viewjobs?jk=4cdfac841bdfb456,[국내 최고회사] Back-End 개발자,인코리아 프로페셔널 성남 분당구,,로그래머>백엔드|인터넷·IT·통신·모바일·게임>웹프로그래머>웹개발|인터넷·IT·통신·모바일·게임>웹프로그래머> Python|인터넷·IT·통신·모바일·게임>데이터베이스·DBA>NoSQL|인터넷·IT·통신·모바일·게임>데이터베이스...
https://kr.indeed.com/viewjobs?jk=447e5726f229a2b7,"Cloud Technical Solutions Engineer, Netw...",Google 4.3 서울,,"reading or debugging code (e.g., Java, C, C++, .NET, Python, Shell, Perl, JavaScript). Experience advocating for customer..."
https://kr.indeed.com/viewjobs?jk=583c20483b4f707b,2021 IT분야 경력직,위세아이텍 성남 분당구,,"위한 데이터마트 설계 및 개발 예측분석 컨설팅, 정형/비정형 융합분석 등업무관련 3년 이상 경력자 R, Python 가능한 사람 [우대사항] 예측분석 컨설팅 및 프로젝트 PM/PL 경험자 관련분야 사업제안 및 교육 경험자..."
https://kr.indeed.com/viewjobs?jk=d1e75364ef505c68,"데이터 가치를 함께 발굴하실 머신러닝, 통계 모델링 전문가 모집",카카오 4.0 성남 판교역,,해당 기술에 자신감이 있으신 분도 환영합니다. 지원자격 머신 러닝/통계 등 모델링에 활용하는 언어( Python/Scala/R 등) 및 도구(Tensor flow/Pytorch 등)를 하나 이상 능숙하게 다룰 수 있으신...
https://kr.indeed.com/viewjobs?jk=b3891b8c405f34e6,Data Analytics 컨설턴트 - 글로벌 컨설팅Firm,에스에프인촌 서울,,본적으로 비즈니스 문제 해결이 가능한 컨설팅 자질을 갖추고 있어야 함 - Python 등 관련 코딩 경험자 우대 3) 영어 활용 능력 우수자 우대 4... 자질을 갖추고 있어야 함 - Python 등 관련 코딩 경험자 우대 3...
https://kr.indeed.com/viewjobs?jk=07375dc4e800dfa9,추천 시스템 소프트웨어 엔지니어,카카오 4.0 성남 판교역,,"관련 업무 경험자 우대사항 운영체제, 네트워크, 컴파일러, 데이터베이스에 대한 이해가 깊으신 분 Python, C++, GPU 프로그래밍 숙련자 대용량/실시간 서비스 개발/운영 경험이 많으신 분 ICPC/TopCoder..."
https://kr.indeed.com/viewjobs?jk=54e0d08c99dcf507,MI(Market Intelligence)담당 마케팅 전략 경력사원,LG전자 3.8 서울 영등포구,,"마케팅 전략/방향성 도출 경험 보유 4) 우대 사항 - 통계 분석 및 프로그래밍 언어 역량 보유: R, python, Java, SPSS, Tableau, etc. - 영어 능통 역량: 해외법인과 영어 화상 회의 및 현지..."
https://kr.indeed.com/viewjobs?jk=eaee1538d8cc832f,메시지발송 플랫폼 개발자,Nexon 성남 분당구,,"개발 가능하면서 python 개발 경험 소유자(또는 Python 개발 가능... NET 또는 python 개발 경력 5년이상 - 자동화를 위한 스크립트(powershell, bash, python 등) 경험 - Windows..."
https://kr.indeed.com/viewjobs?jk=9e8bab2ecbb48d29,"웹개발, 백엔드 외 신입/경력 계약직",뚜껑 서귀포 서귀포시,,통신·모바일·게임>웹프로그래머>백엔드|인터넷·IT·통신·모바일·게임>웹프로그래머>프론트엔드|인터넷·IT·통신·모바일·게임>웹프로그래머> Python|인터넷·IT·통신·모바일·게임>웹프로그래머>HTML·DHTML·mHTML
https://kr.indeed.com/viewjobs?jk=011e6ca8a669f12e,2021년 3월 신입/경력,나이스피앤아이 서울 여의도,,"상경계열, 통계학, 수학, 공학 전공 - 프로그래밍 및 통계 Package 활용 (VBA, C++, R, Python, Matlab 등) - 유관 전공 석사, 박사(과정) 2. 기업가치평가 부문(신입/경력) [담당업무..."
https://kr.indeed.com/viewjobs?jk=3e80435be74cd28f,블록체인인터넷경제연구센터 위촉연구원,광주과학기술원 광주 북구,,업무) 지원자격 연구직 O명 블록체인 연구 및 프로그래밍 제작 1) SW프로그래밍 제작 경험자 2) Python/C/Java/Go 프로그래밍 가능자 3) 블록체인 개발 경험자 우대 4) 컴퓨터공학 및 컴퓨터사이...
https://kr.indeed.com/viewjobs?jk=fc572d48c77479f4,협동로봇 실습장비 개발 및 교육 인력 1명/로봇공학 기술자 및 연구원,씨엔로봇 대전 중구,,"활용 교직원 연수 - 실습장비 활용 학생 연수 - 실습장비 납품 후 활용 교육 ㅇ 협동로봇 티칭 및 교육 - Python, ROS, C# 등 프로그래밍 및 교육 - PLC, HMI 프로그래밍 및 교육 [근무시간 및 형태] 주..."
https://kr.indeed.com/viewjobs?jk=7dbaa95d22eacd29,"웹개발, 백엔드 외 경력 정규직",아이티엔제이 울산 남구,"연봉 40,000,000원 - 50,000,000원","경력(4년 이상 ) 학력사항: 대학교(4년)졸업 이상 직무기술: 웹프로그래밍, 응용프로그램개발, JAVA, PYTHON 기타: ㆍ다양한 업무를 신속하게 이해하고 도식화 할 수 있는 분 ㆍ고객의 소리를 듣는 귀가 지혜 있는..."
https://kr.indeed.com/viewjobs?jk=9e1861e691426a98,Field AI Engineer,Graphcore 서울,,"hardware acceleration technologies Experience with Python and C++... depth knowledge of computer architectures, high..."
https://kr.indeed.com/viewjobs?jk=78e99625e5de3c95,전문연구요원 (병역특례) 수시 (AI / HW 분야),딥엑스 성남 분당구,"연봉 40,000,000원 - 100,000,000원","모델의 RTL IP 설계 및 IP 검증 가능자 - Language: Python/Perl, C/C++ [우대 조건] - ARM based SoC 설계... Linux, shell, tcl, python, perl 사용 원활..."
https://kr.indeed.com/viewjobs?jk=191afaf2b0f86c57,[빅데이터플랫폼] 데이터 플랫폼 운영자,한국카카오은행 성남 분당구,,"실무 경험이 있는 분 · 클라우드 및 가상화(Docker, Kubernetes) 사용 경험이 있는 분 · Python, Shell Script 로 개발 경험이 있는 분 [공통 우대 사항] · 국가유공자 및 장애인 등 취업보호..."
https://kr.indeed.com/viewjobs?jk=44a4245679066940,Data Science 컨설턴트 - 글로벌 컨설팅펌,에스에프인촌 서울 서초구,,"분석 등을 통한 Insight 도출 자격요건 통계학과/산업공학과/컴퓨터공학과 등 유관 학과 졸업/석박사 우대 Python 등 관련 코딩 경력 빅데이터, 통계, Machine Learning, 알고리즘 등 Artificial..."
https://kr.indeed.com/viewjobs?jk=96688eea9c1a9e28,Security Engineer (취약점 분석),Toss 서울 강남구,,"# 자격 요건 - 모의해킹 및 취약점 점검 경력이 있는 분 - 소스 코드 정적 취약점 점검에 능숙한 분 - Python, C, C++, JAVA 중 프로그래밍 언어에 능숙한 분 # 우대 사항 - 국내 또는 국외 버그 바운티..."
https://kr.indeed.com/viewjobs?jk=f014d6c9744121e1,Security Engineer - Ubuntu,Canonical - Jobs 서울,,"new systems and techniques quickly You are skilled in C, Python, and other programming languages You can develop automated..."
https://kr.indeed.com/viewjobs?jk=251ec7deb78d7813,2021년 상반기 Python 경력,매크로액트 성남 수정구,,커리어에 이력서를 등록하지 않으셨다면!! 상세 이력서 등록하기 지원양식 커리어 온라인 이력서 직무/산업 직무별(직종) 웹프로그래머 Python 응용프로그래머응용프로그래머 산업별(업종) 솔루션.ASP.소프트웨어 소프트웨어개발
https://kr.indeed.com/viewjobs?jk=14076e1efa25f8da,그린뉴딜분야 연계형 교육 참여,사단법인 한국벰스협회 서울 구로구,,게임>빅데이터·AI(인공지능)> Python|인터넷·IT·통신·모바일·게임... 로그래머>증강현실(AR)|인터넷·IT·통신·모바일·게임>응용프로그래머> Python|인터넷·IT·통신·모바일·게임>응용프로그래머>머신러닝(ML)|인터넷...
https://kr.indeed.com/viewjobs?jk=f0b26e01bccd1591,[김해 포스트코로나 청년일자리 지원 사업] 2021년 (주)디앤알팩토리...,디앤알팩토리 경상남도 김해,"월급 2,300,000원","성과금 지급, 정기 휴가. 직무 내용 - 직무 내용 : Mavlink Protocol, Arduino, Python, C / C+, Java 를 이용한 소프트웨어 개발. [근무시간 및 형태] 주 5일 근무 (오전) 10시..."
https://kr.indeed.com/viewjobs?jk=941687b6bbb14d81,웹 개발자 경력 Java/Php/Javascript/Python/Html...,바이오브레인 대전 서구,"연봉 30,000,000원 - 35,000,000원","(주)바이오브레인 웹 개발자 경력 채용 모집부문 및 자격요건 담당업무 자격요건 인원 [담당업무] ㆍ웹 기반 프로젝트 개발 및 운영 [근무부서 및 직급/직책] 직급/직책: 대리 [자격요건] ㆍJava, Php..."
https://kr.indeed.com/viewjobs?jk=0b03d57e900ac140,Security Engineer (모의해킹),Toss 서울 강남구,,"분 - INTEL/ARM 아키텍처 바이너리 분석 가능한 분 - 코드리뷰를 통한 보안 진단 능숙한 분 - Python, C, C++, C#, JAVA 중 프로그래밍 언어에 능숙한 분 # 우대 사항 - 버그바운트 경험이 있는 분..."
https://kr.indeed.com/viewjobs?jk=7af6301dc691d3ab,Data Scientist,Toss 서울 강남구,,"실무 경험 5년 이상 갖추신 분 - 실제 서비스 데이터를 이용한 분석모델 개발 경험이 있으신 분 - R, Python, Scala, SQL 등 데이터 분석의 업무를 수행할 수 있는 하나 이상의 개발 언어에 능숙하신 분 #..."
https://kr.indeed.com/viewjobs?jk=5702c02123c8bd42,(주)에이테크와 함께할 솔루션 개발팀장/파트장,에이테크 울산 중구,,백엔드|인터넷·IT·통신·모바일·게임>웹프로그래머>프론트엔드|인터넷·IT·통신·모바일·게임>웹프로그래머> Python|무역·영업·판매·매장관리>기술영업>SI(Solution·System)|인터넷·IT·통신·모바일·게임>ERP...
https://kr.indeed.com/viewjobs?jk=97b032faeb4b1bd1,연구소 개발부문 연구원 직원 (회로설계/하드웨어설계/머신비전/이미지프로세...,모든 경기도 광명,"연봉 42,000,000원 - 46,000,000원","프로그래밍 가능자 우대 S/W 설계 부문 : - OPEN CV, TENSORFLOW, YOLO, CUDA/ Python, C++, C WindowsGUL APL, MFC Lib 활용 가능자. 머신비전/ 영상처리 개발자 * 전기..."
https://kr.indeed.com/viewjobs?jk=05a8e481d9859e2c,"고등광기술연구소 레이저응용시스템연구실 박사후연구원, 위촉연구원",광주과학기술원 광주 북구,,"공지능 융합연구 (Matlab/ python, Labview/ FPGA... 연구/개발 2. 레이저/포토닉스-인공지능 융합연구 (Matlab/ python, Labview/ FPGA/ Raspberry Pi 등 경험자..."
https://kr.indeed.com/viewjobs?jk=3043bb897f9795b9,인공지능 전문기업 마인즈랩 웹 개발자,마인즈랩 성남 분당구,,"으셨다면!! 상세 이력서 등록하기 지원양식 커리어 온라인 이력서 직무/산업 직무별(직종) 웹프로그래머MS-SQL, Python 응용프로그래머전산전공, Linux, Java 산업별(업종) SI.SM.ERP.CRM BigData..."
https://kr.indeed.com/viewjobs?jk=b4443754bb4507bb,21년 BigData/연구소 경력사원,롯데정보통신 서울 금천구,,"석/박사 우대) - AI, 통계학, 수학과, 산업공학 등 - 머신러닝/딥러닝 모형 구축 경험자 - R/ Python 활용 분석모형 구축 경험자 - ADsP, ADP 등 분석관련 자격증 소지자 우대 가산동 본사 그룹사 PJT..."
https://kr.indeed.com/viewjobs?jk=8bcc7807085700a7,클라우드 오퍼레이션 엔지니어,NHN SOFT 4.4 성남 판교역,,"Linux, Windows Server 트러블 슈팅 숙련자 - 2년 이상의 개발 경험자(PHP, Python 등) - 아래 기술 분야중 1개 이상의 풍부한 지식 및 운영 경험 보유자 (ElasticSearch..."
https://kr.indeed.com/viewjobs?jk=098da87a3b27792c,(주)브로드씨엔에스 2021년 정규직 경력직,브로드씨엔에스 서울 구로구,,"ㆍ자연어 처리 기술 및 관련 서비스 개발 ㆍ음성봇 및 챗봇 플랫폼 개발 지원자격 ㆍ리눅스 환경에서 Java, Python 상용 서비스 및 제품 개발 경험자 ㆍ인공지능, 딥러닝(머신러닝), 텍스트 마이닝에 경험이 있거나 관심이..."
https://kr.indeed.com/viewjobs?jk=c8c02d6751fce8a8,Python 경력 정규직,브라이트컨설팅 서울 강남구,,브라이트컨설팅 Python 경력 정규직 채용 모집부문 및 자격요건 담당업무 자격요건 인원 [자격요건] 경력사항: 경력(7년 이상 12년 이하) 학력사... 수 있습니다. 인터넷·IT·통신·모바일·게임>응용프로그래머> Python
https://kr.indeed.com/viewjobs?jk=4ec305f59ce64060,게임이상탐지 분석/개발,Nexon 성남 분당구,,"기법 적용에 필요한 프로그래밍 능력 ( Python) - SQL 활용 능력... 대시보드 개발 능력 솔루션 개발자 - 한 가지 이상의 개발 언어( Python, Java, Scala)에 숙련된 프로그래밍 능력 - Linux..."
https://kr.indeed.com/viewjobs?jk=9e8bab2ecbb48d29,"웹개발, 백엔드 외 신입/경력 계약직",뚜껑 서귀포 서귀포시,,통신·모바일·게임>웹프로그래머>백엔드|인터넷·IT·통신·모바일·게임>웹프로그래머>프론트엔드|인터넷·IT·통신·모바일·게임>웹프로그래머> Python|인터넷·IT·통신·모바일·게임>웹프로그래머>HTML·DHTML·mHTML
https://kr.indeed.com/viewjobs?jk=5a299cf580491445,게임 데이터 분석가,쿡앱스 성남 분당구,,"데이터를 기반으로 한 커뮤니케이션 능력을 갖추신 분 수리적 직관 및 통찰력을 가지고 계신 분 우대사항 R, Python,Scala,SQL등의 툴을 이용한 데이터 분석 업무경험이 있으신 분 데이터 마이닝 및 머신러닝 관련 지식을..."
https://kr.indeed.com/viewjobs?jk=5e7dc1196f13b938,"NAVER, LINE 서비스 플랫폼 운영",NIT Service 성남 삼평동,,"python, java, c언어 등) 초급 [우대사항] - Docker(kubernetes) 관련 지식 보유 및 활용 경험 - Linux System, WEB/WAS, DB운영 경험 - 프로그래밍 언어( python..."
https://kr.indeed.com/viewjobs?jk=14076e1efa25f8da,그린뉴딜분야 연계형 교육 참여,사단법인 한국벰스협회 서울 구로구,,게임>빅데이터·AI(인공지능)> Python|인터넷·IT·통신·모바일·게임... 로그래머>증강현실(AR)|인터넷·IT·통신·모바일·게임>응용프로그래머> Python|인터넷·IT·통신·모바일·게임>응용프로그래머>머신러닝(ML)|인터넷...
https://kr.indeed.com/viewjobs?jk=623d7d0a12068235,[대구] 빅데이터 개발 연구원,드림아이디어소프트 대구 동구,,"학력 : 대졸 이상 (2,3년) 지원자격 - 빅데이터 기반 서비스 개발에 관심있는 분 - Java 또는 R, Python 활용 가능한 분 - 적극적인 사고와 원활한 커뮤니케이션 능력을 가지신 분 우대사항 - 백엔드 서버 개발..."
https://kr.indeed.com/viewjobs?jk=b3891b8c405f34e6,Data Analytics 컨설턴트 - 글로벌 컨설팅Firm,에스에프인촌 서울,,본적으로 비즈니스 문제 해결이 가능한 컨설팅 자질을 갖추고 있어야 함 - Python 등 관련 코딩 경험자 우대 3) 영어 활용 능력 우수자 우대 4... 자질을 갖추고 있어야 함 - Python 등 관련 코딩 경험자 우대 3...
https://kr.indeed.com/viewjobs?jk=f029386e0c5039fd,소프트웨어 경력 개발자,이지정보기술 제주 제주시,"월급 3,000,000원","및 통신 제어 REST API 기반 데이터 수집 및 제어 python 개발 2) MongoDB 기반 빅데이터 제어 Keras, TensorFlow 활용 python 개발 3) PHP/JSP 기반 웹 프로그램 및 Android..."
https://kr.indeed.com/viewjobs?jk=44a4245679066940,Data Science 컨설턴트 - 글로벌 컨설팅펌,에스에프인촌 서울 서초구,,"분석 등을 통한 Insight 도출 자격요건 통계학과/산업공학과/컴퓨터공학과 등 유관 학과 졸업/석박사 우대 Python 등 관련 코딩 경력 빅데이터, 통계, Machine Learning, 알고리즘 등 Artificial..."
https://kr.indeed.com/viewjobs?jk=1748baa27965fdbf,"MVP 개발 엔지니어(서버, 웹프론트) (정규직, 계약직, 프리랜서)",더테스터 대전 중구,,1년 이상의 서버 개발 경험 · 아래 옵션 중 하나의 기술 스택 사용 - JAVA기반의 Spring - Python 기반의 Django - Ruby 기반의 Rails 우대사항 · 팀단위로 프로젝트를 수주해본 적 있는...
https://kr.indeed.com/viewjobs?jk=9f4a404b406dd19e,[KSTEC] 2021년 경력 사원 (SW개발자),지식시스템 성남 분당구,,"개발 (SPSS, SAS, R, Python, Java 기반) 2. 기업용... 경력 3년 ~ 10년 [기술요구사항] 1. SPSS, SAS, R, Python, Java 등 데이터분석/AI개발 도구 사용 가능자 2. Java..."
https://kr.indeed.com/viewjobs?jk=12c2c75d4f3ac682,"인공지는 연구원(딥러닝, 컴퓨터 비젼)",디비엔텍 인천 서구,,[직무내용] 1.딥러닝 기반 객체인식 모듈 연구개발 (Tensorflow / Python) 2.영상 전/후 처리 모듈 연구개발 (OpenCV 등 활용) 3.객체추적(Object Tracking) 모듈 연구 개발 [근무시간 및...
https://kr.indeed.com/viewjobs?jk=6ede042ebe53ba49,RTL 기반 HW IP 설계 엔지니어 (딥러닝 하드웨어 프로세서 개발),딥엑스 성남 분당구,"연봉 40,000,000원 - 100,000,000원","모델의 RTL IP 설계 및 IP 검증 가능자 - Language: Python/Perl, C/C++ [우대 조건] - ARM based SoC 설계... 검증 가능자 - Language: Python/Perl, C/C++ [우대..."
https://kr.indeed.com/viewjobs?jk=97ccd3c5bb2d2ade,[공채] 2021년 수시 머신러닝 및 S/W개발(응용) 3월28일 마감,에스에프에이 경기도 화성,,인터넷·IT·통신·모바일·게임>응용프로그래머>머신러닝(ML)|인터넷·IT·통신·모바일·게임>응용프로그래머> Python|인터넷·IT·통신·모바일·게임>응용프로그래머>C·C++|인터넷·IT·통신·모바일·게임>전산·IT기술지원...
https://kr.indeed.com/viewjobs?jk=d83fc0dd2641f483,전문연구요원 (병역특례) 수시 (AI / SW 분야),딥엑스 성남 분당구,"연봉 40,000,000원 - 100,000,000원",요구 능력] - ASM/C/C++/ Python 언어 코딩 기술 - 운영체제... 경험 - Windows/Linux 상에서 C++/ Python 언어 사용 개발 경험 - C++ / Python 언어 사용 개발 경험 - 객체지향 설계에...
https://kr.indeed.com/viewjobs?jk=7dbaa95d22eacd29,"웹개발, 백엔드 외 경력 정규직",아이티엔제이 울산 남구,"연봉 40,000,000원 - 50,000,000원","경력(4년 이상 ) 학력사항: 대학교(4년)졸업 이상 직무기술: 웹프로그래밍, 응용프로그램개발, JAVA, PYTHON 기타: ㆍ다양한 업무를 신속하게 이해하고 도식화 할 수 있는 분 ㆍ고객의 소리를 듣는 귀가 지혜 있는..."
https://kr.indeed.com/viewjobs?jk=b602108c31558329,리서치분야 석사이상 경력직,케이지제로인 대한민국,,"티팩터 리서치 2. 펀드, 금융 및 재무데이터 분석 3. 기업재무 관련 리서치 4. 기관 컨설팅 5. R, Python을 활용한 로직 개발 자격 요건 석사이상, 경력 3년이상, 경제학, 재무금융 전공자 우대사항 CFA..."
https://kr.indeed.com/viewjobs?jk=66d8a42fa933e7d0,2021년 상반기 정보보안 엔지니어 - 취약점파트,인섹시큐리티 서울 금천구,,10에 대한 설명과 구현/조치 가능 - 국내 컴플라이언스 대응 경험 (주요정보통신기반시설 가이드 등) - Python 활용자 - Kali 및 Metasploit 경험자 * 자격요건과 우대사항은 필수가 아닙니다. 0 명 근무조...
https://kr.indeed.com/viewjobs?jk=57ad151ff89a3275,Engineering Manager - EdgeX - IoT,Canonical - Jobs 서울,,"engineer Significant programming experience in C, Golang, Python, or like languages A solid understanding... makeup..."
https://kr.indeed.com/viewjobs?jk=85929aac498299cc,데이터 사이언스 전문가 및 머신러닝 전문가 모집,카카오 4.0 성남 판교역,,명시해 주시기 바랍니다. 지원자격 개발 경력 2년 이상 머신 러닝/데이터 사이언스를 위한 언어(R/ Python/Scala) 및 도구(scikit-learn/Spark MLlib/Tensorflow/Pytorch 등)를...
https://kr.indeed.com/viewjobs?jk=74cf47be676133ff,DGIST 미래자동차융합연구센터 계약직 연구원 및 연수연구원 공개 초빙...,대구경북과학기술원 대구 현풍면,,"기술개발 우대 사항 우대사항 - S/W개발능력, C,C++, Python,Matlab 등 능숙자 - 자율주행 및 ADAS관련 프로젝트 참여경... W개발능력, C,C++, Python,Matlab 등 능숙자 - 자율주행..."
https://kr.indeed.com/viewjobs?jk=5cb14c0712a6c4c1,클라우드 시스템 엔지니어링,NHN 4.4 성남 판교역,,"위한 인프라 설계와 구축, 운영 경험 보유 - 기본적인 운영도구 개발 가능자 * JAVA, Python, Django - 웹 서비스 또는 플랫폼 개발 경력 보유자 - OpenStack 기반의 클라우드 설계..."
https://kr.indeed.com/viewjobs?jk=2f9853d8068aa1f9,데이터 마트 개발,Nexon 성남 분당구,,등 데이터 파이프라인 구축에 대해 경험이 있으신 분 - SQL 활용 능력이 뛰어나신 분 우대사항 - Python이나 Scala 등과 같은 프로그래밍 언어를 활용하여 ETL 개발이 가능하신 분 - Spark를 활용하여...
https://kr.indeed.com/viewjobs?jk=7d4bc2a107c6669b,Customer Engineer,Microsoft 4.2 서울,,least 5 years welcome experience in model development using python or R. Experience in migrating from one database to another...
https://kr.indeed.com/viewjobs?jk=108feaf74de2bfc4,[Manta] Growth Data Analytics Manager,RIDI Corp 서울,,"An expert in a data-oriented programming language (e.g., SQL, Python, R, Scala, etc... BI tools (e.g., Tableau, Power BI..."
https://kr.indeed.com/viewjobs?jk=98c2229e57d4ee1f,전기전자컴퓨터공학부(바이오컴퓨팅연구실) 위촉연구원,광주과학기술원 광주 북구,,"국가보훈대상자(취업보호대상자) 및 장애인은 관련 법령에 의거하여 우대 ② 컴퓨터 프로그램밍 (Matlab, Python, C++등) 가능자 ③ 뇌파 측정 및 분석 2년 이상 경력 ➃ 딥러닝 기술 개발 경험 결격사유..."
https://kr.indeed.com/viewjobs?jk=a1d687cd59776360,머신러닝 개발,Nexon 성남 분당구,,모델 개발 - 머신러닝을 위한 솔루션 프로토타이핑 - 머신러닝 파이프라인 설계 및 구축 지원자격 - Python에 숙련된 프로그래밍 능력과 머신러닝 라이브러리 활용 경험 - 머신러닝과 강화학습에 관련된 지식 습득 혹은...
https://kr.indeed.com/viewjobs?jk=a0dda478567db352,"(주)트윔 개발자(경력직) 빅데이터,영상처리,머신비전/AI 딥러닝",트윔 경기도 화성,,"자기주도적으로 진행한 경험 - Python/C/C++ 능통자 - 데이터... RNN 등 딥러닝 이론 및 알고리즘 유경험자 - C/C++, Java, Python/TensorFlow/Caffe 사용가능자 - Matlab/R 분석..."
https://kr.indeed.com/viewjobs?jk=df21e3bb5d773616,Python Programmer,Mofac 서울 서초구,,개발 – JAVA 프로그래밍(라이브러리 활용) – Spring 프레임 워크 개발 – Python API 프로그래밍 우대사항 – Python 개발 경험 – Open Source 라이브러리 개발경험 – Web 표준에 대한 경험...
https://kr.indeed.com/viewjobs?jk=503bbbf7e16e4f59,[전문연구요원] 빅데이터 엔지니어(신입/경력),웹젠 성남 분당구,,과정 수료자 포함 ) 로서 전문연구요원 신규편입 / 전직 대상인 분 - Python 또는 C# 프로그래밍 능력 - Linux 환경에서 개발 및 운영... 신규편입 / 전직 대상인 분 - Python 또는 C# 프로그래밍 능력...
https://kr.indeed.com/viewjobs?jk=eeb772e7e3789a56,[주식회사 뚜껑]우리와 함께 제주도 IT 이끌어나갈 인재,뚜껑 제주도 제주,,"웹서비스를 개발중입니다. 기존 기능의 안정화와 추가 기능 개발을 함께해 주실 분을 구하고 있습니다. ㈜뚜껑은 Python(basic)과 HTML, CSS, Javascript(Angualr)를 기본으로 하며 web frame..."
https://kr.indeed.com/viewjobs?jk=d4c52ba1a491a8b9,현대무벡스 경력사원 상시,현대무벡스 서울 종로구,,PM>웹기획|인터넷·IT·통신·모바일·게임>웹프로그래머>JAVA|인터넷·IT·통신·모바일·게임>웹프로그래머> Python|인터넷·IT·통신·모바일·게임>네트워크·서버·보안>정보보안|인터넷·IT·통신·모바일·게임>응용프로그래머>클라우드
https://kr.indeed.com/viewjobs?jk=fb3395b4ba6b4f61,SW Engineer for R&D Extension Korea,Applied Materials Inc. 경기도 화성,,"engineer with C, C++, C#, Java, MATLAB, SQL data base, Python, Excel Macro, etc. c. Experience in multidisciplinary..."
https://kr.indeed.com/viewjobs?jk=269f9a96319ef19a,머신러닝 엔지니어 모집,카카오 4.0 성남 판교역,,"델의 성능 검증 및 지속 개선 대규모 로그 데이터 통계 분석을 통한 피쳐 추출 지원자격 #필수사항 Python, Java, C++ 등 언어 중 하나 이상 활용 가능하신 분 TensorFlow/Keras, PyTorch..."
https://kr.indeed.com/viewjobs?jk=241ae1e7499c461c,Security Engineer (모의해킹/취약점 점검),Toss 서울 강남구,,"그바운트 경험이 있는 분 - 해킹대회 우승 경력이 있는 분 - 다양한 플랫폼 보안 진단 경험이 있는 분 - Python, C, C++, C#, JAVA 중 프로그래밍 언어에 능숙 하신 분 # 현업 인터뷰 - 결제 산업의 미래..."
https://kr.indeed.com/viewjobs?jk=206550813b58865d,[개발자] 꿈 찾아드립니다. 저희와 함께하세요,ICON 서울 강남구,,Python (신입/경력)개발자 (1명) - 이미지 프로세싱 관련 개발 경험이 있으신 분 - OpenCV 를 이용한 C++ 혹은 Python 개발에... 통신·모바일·게임>웹프로그래머> Python|인터넷·IT·통신·모바일·게임...
https://kr.indeed.com/viewjobs?jk=661a80939b1acd30,Solutions Engineer,f5 서울,,"Kubernetes) • Proficient in one or more programming languages ( Python, JavaScript, Golang, etc.) What you’ll bring: • 5 +..."
https://kr.indeed.com/viewjobs?jk=7bf179a290a157b2,경험최적화파트 - 머신러닝 엔지니어,Nexon 성남 분당구,,모델 개발 - 머신러닝을 위한 솔루션 프로토타이핑 - 머신러닝 파이프라인 설계 및 구축 지원자격 - Python에 숙련된 프로그래밍 능력과 머신러닝 라이브러리 활용 경험 - 머신러닝과 강화학습에 관련된 지식 습득 혹은...
https://kr.indeed.com/viewjobs?jk=f069d006ba3ffa5a,(신입/경력) AR&AI 엔지니어,플레이스에이 성남 분당구,,"Engine 중 1개 이상 능숙하게 다룰 수 있다 - C, C++, Python 등 프로그래밍 언어 중 1개 이상 능숙하게 다룰 수 있다... 다룰 수 있다 - C, C++, Python 등 프로그래밍 언어 중 1개..."
https://kr.indeed.com/viewjobs?jk=3cf01580ba5eb23a,NLP Researcher,AITRICS 서울,,"Stacks [Back-end] Language: python, golang Python Framework: Django, Bottle [Front... Language: python, golang Python Framework..."
https://kr.indeed.com/viewjobs?jk=7c19ff88836f8869,고등광기술연구소 전문연구요원,광주과학기술원 광주 북구,,"고출력 펄스형/극초단 광섬유 레이저, 레이저/고암섬유 레이저, 레이저 인공지능 융합연구, matlab/ python/ FPGA / Raspberry Pi 등 (경험자 우대) 우대사항 ① 국가보훈대상자(취업보호대상자) 및..."
https://kr.indeed.com/viewjobs?jk=2bafb73f26c69508,[TmaxBI/기술] 빅데이터 플랫폼 QA,티맥스소프트 성남 분당구,,"갖춘자 - ERP/CRM 역량 보유자 - 데이터분석/모델링 역량 보유자 우대사항 - 보유기술: Java, python, RDB, NoSQL, OS(linux), Selenium, docker, Kubernetis - 자격사항..."
https://kr.indeed.com/viewjobs?jk=191afaf2b0f86c57,[빅데이터플랫폼] 데이터 플랫폼 운영자,한국카카오은행 성남 분당구,,"실무 경험이 있는 분 · 클라우드 및 가상화(Docker, Kubernetes) 사용 경험이 있는 분 · Python, Shell Script 로 개발 경험이 있는 분 [공통 우대 사항] · 국가유공자 및 장애인 등 취업보호..."
https://kr.indeed.com/viewjobs?jk=f4750c486cc78516,VPS Application Engineer - HAV,Mentor Graphics (Korea) LLC 4.0 경기도 성남,,"Proficient in scripting languages used today (e.g., Perl, Python, various shell scripts/Makefiles, XML, JSON, etc.) Industry..."
https://kr.indeed.com/viewjobs?jk=fb624a39a6824f57,2021 상반기 인공지능(AI)/ 머신러닝 경력사원,아프스 서울 서초구,,래밍 경력 2년 이상 -컴퓨터 공학 또는 관련학과 학사 이상 -팀러닝/컴퓨터 비전 관련 논문 독해 가능 - Python 및 1종 이상의 머신러닝 프레임워크 사용가능 [우대사항] 관련분야 실무경력 또는 석사학위 보유 OpenGL...
https://kr.indeed.com/viewjobs?jk=05a8e481d9859e2c,"고등광기술연구소 레이저응용시스템연구실 박사후연구원, 위촉연구원",광주과학기술원 광주 북구,,"공지능 융합연구 (Matlab/ python, Labview/ FPGA... 연구/개발 2. 레이저/포토닉스-인공지능 융합연구 (Matlab/ python, Labview/ FPGA/ Raspberry Pi 등 경험자..."
https://kr.indeed.com/viewjobs?jk=8ad8f768cd99afcf,"Applications Engineer (P&R, physical des...",Synopsys 서울,,"development. Proficiency in programming and scripting (TCL, Python, Shell). Able to resolve wide range of technical issues..."
https://kr.indeed.com/viewjobs?jk=e1c3d69e4d47c07b,[진행중]우리은행 마이데이터ACT 전문직 (데이터 사이언티스트(데이터 기...,우리은행 4.5 서울 회현동,,"3년 이상 경험 보유자 - 전산/수학/통계 또는 관련 분야 석사 이상 학위 소지자 - 데이터 분석 언어( Python, R 등) 사용 업무 경험 보유자 급여수준 및 채용조건 급여수준 : 면접 후 협의 계약형태..."
https://kr.indeed.com/viewjobs?jk=74cf47be676133ff,DGIST 미래자동차융합연구센터 계약직 연구원 및 연수연구원 공개 초빙...,대구경북과학기술원 대구 현풍면,,"기술개발 우대 사항 우대사항 - S/W개발능력, C,C++, Python,Matlab 등 능숙자 - 자율주행 및 ADAS관련 프로젝트 참여경... W개발능력, C,C++, Python,Matlab 등 능숙자 - 자율주행..."
https://kr.indeed.com/viewjobs?jk=7c19ff88836f8869,고등광기술연구소 전문연구요원,광주과학기술원 광주 북구,,"고출력 펄스형/극초단 광섬유 레이저, 레이저/고암섬유 레이저, 레이저 인공지능 융합연구, matlab/ python/ FPGA / Raspberry Pi 등 (경험자 우대) 우대사항 ① 국가보훈대상자(취업보호대상자) 및..."
https://kr.indeed.com/viewjobs?jk=e5621bcf506c9148,협동로봇 실습장비 개발 및 교육 인력 /로봇공학 기술자 및 연구원,씨엔로봇 대전 중구,"연봉 28,000,000원 - 30,000,000원","활용 교직원 연수 - 실습장비 활용 학생 연수 - 실습장비 납품 후 활용 교육 ㅇ 협동로봇 티칭 및 교육 - Python, ROS, C# 등 프로그래밍 및 교육 - PLC, HMI 프로그래밍 및 교육 상세모집요강 접수기간..."
https://kr.indeed.com/viewjobs?jk=741cc6ac364ea9be,Internal Infra Engineer,Toss 서울 강남구,,분 # 우대 사항 - Nutanix/VMWare 구축 운영 경험이 있으신 분 - Powershell 또는 Python 등을 사용한 시스템 관리 자동화 경험이 있으신 분 - 100명 이상 규모의 L3/L4 네트워크 관리 또는...
https://kr.indeed.com/viewjobs?jk=9819ba37f864cc20,프로그래머 (어플리케이션 개발자 또는 웹개발자),오너클랜 서울 금천구,,인터넷·IT·통신·모바일·게임>응용프로그래머>자바스크립트|인터넷·IT·통신·모바일·게임>응용프로그래머> Python|인터넷·IT·통신·모바일·게임>응용프로그래머>C#|인터넷·IT·통신·모바일·게임>웹프로그래머>웹개발|인터넷...
https://kr.indeed.com/viewjobs?jk=dbe3257e487e5814,[AI/Lab] AI 백엔드 엔지니어 (전문연구요원 가능),버즈니 서울,,"플랫폼 및 시스템 구축 이런 분을 찾습니다 주도적으로 문제를 찾고, 해결할 수 있는 능력을 보유하신 분 Python 사용 경험이 있으신 분 다음 항목 중 두 가지 이상에 해당되는 분 AWS 혹은 GCP와 같은 클라우드 플랫폼..."
https://kr.indeed.com/viewjobs?jk=edf8d34357ba0747,Web Full-Stack Engineer,NVIDIA 서울,,related field. Proficiency in one of Java/Typescript/ Python programming languages. Familiarity with front-end frameworks...
https://kr.indeed.com/viewjobs?jk=0ef701e20b379bab,[고려대학교][K-MASTER사업단]암데이터관리부,고려대학교산학협력단 서울 성북구,,"명 5) 생명과학, Bioinformatics 전공자 6) 우대사항: Python, R, Linux 서버 경험자, WGS, WES 분석 경력자 1 명... 2286-1561 인터넷·IT·통신·모바일·게임>응용프로그래머> Python"
https://kr.indeed.com/viewjobs?jk=c58d20943e9dce58,테크니컬 오디오 디자이너(Technical Audio Designer)...,엔씨소프트 2.7 성남 판교역,,"4 활용 능력 - Protools, Reaper 등의 DAW 활용 능력 - 스크립팅 언어 활용 능력 ( Python, Lua, R 등) - 커뮤니케이션 능력 우대사항 - Wwise 자격증 보유 (101, 201, 251..."
https://kr.indeed.com/viewjobs?jk=e5448ffc7d6ecf02,FPGA 플랫폼 엔지니어 (딥러닝 하드웨어 프로세서 개발),딥엑스 성남 분당구,"연봉 40,000,000원 - 100,000,000원","사용 경험(Chip Scope/SignalTap) - Language: Python/Perl, C/C++ - Vivado 또는 Synplify 또는... SignalTap) - Language: Python/Perl, C/C++..."
https://kr.indeed.com/viewjobs?jk=7449dd28faebd96c,Support Engineer _ Developer Support,Microsoft 4.2 서울,,"Source Web technologies and developing with Linux, Apache, Java, Node, Python, PHP, or Ruby - Experience with Docker images..."
https://kr.indeed.com/viewjobs?jk=74ab1f408f53ca70,AI/ML Specialist Partner SA,Amazon Web Services Korea LLC 서울,,"Spark and Hadoop. · Experienced in data processing with Python, R & SQL. · Experience with AWS services related to AI/ML..."
https://kr.indeed.com/viewjobs?jk=ee6d176505ffa343,전장 개발 엔지니어,가오콘 서울 강서구,"연봉 42,000,000원 - 44,000,000원","니다. 다만 경험이 없으시더라도 C/C++고급 능력을 바탕으로 Java, Python,Json에 익숙하신 분이라면 무리없이 적응하실 수 있으니 과감하게... 기반 , Java/Json/ Python/Xml 개발 경력자 [특별우대..."
https://kr.indeed.com/viewjobs?jk=eeb772e7e3789a56,[주식회사 뚜껑]우리와 함께 제주도 IT 이끌어나갈 인재,뚜껑 제주도 제주,,"웹서비스를 개발중입니다. 기존 기능의 안정화와 추가 기능 개발을 함께해 주실 분을 구하고 있습니다. ㈜뚜껑은 Python(basic)과 HTML, CSS, Javascript(Angualr)를 기본으로 하며 web frame..."
https://kr.indeed.com/viewjobs?jk=ae5283196d38f489,"영상처리, 머신비전, 장비제어 비전센터 상반기 공개",유토시스 경기도 화성,,"응용 S/W개발 -. 운영/제어 개발 [자격요건] -. 학력 : 대졸이상 -. MFC, C++, C# 또는 Python 경험자 -. Windows기반 UI 프로그램 개발 경험자 -. 영상처리 알고리즘 개발 경험자 -. 검사장..."
https://kr.indeed.com/viewjobs?jk=da5c549bf1a76ded,데이터 사이언스(데이터 모델링 및 추천 모델링),NHN 4.4 성남 판교역,,"AB테스트, 결과 해석 등) - 리눅스 환경에서 머신 러닝 및 데이터 분석 관련 언어, 라이브러리( Python, R, SQL, tensorflow 등) 능숙한 활용 - 머신러닝, 추천 , 딥러닝 관련 논문을..."
https://kr.indeed.com/viewjobs?jk=2b2dcd3ffe3d53df,카카오 데이터의 가치를 발굴할 데이터 분석가 모집,카카오 4.0 성남 판교역,,"기술 통계량 이해 및 해석) 데이터 분석 업무를 수행할 수 있는 언어 스킬 필수 SQL 필수 R 또는 Python을 다룰 수 있는 분 (SAS, SPSS, GA, tableau 등 통계 툴만 사용 가능한 경우 제외) 하둡..."
https://kr.indeed.com/viewjobs?jk=f82b428f076301bc,Data analytics & Ad Operations manager,Dentsu Aegis Network 서울,,Branch c. Programming language experience... R or Python and SQL 6. Diligent... strong attention to detail 7...
https://kr.indeed.com/viewjobs?jk=ca0306392b156e54,데이터 사이언티스트 초빙,에이치앤티어세스 서울 서초구,,"통해 비즈니스와 기술 적용의 기회를 발굴할 수 있는 분 ㄷ. SQL, Python /R , Tableau등으로 데이터 분석 업무를 수행할 수 있는 분... 게임>빅데이터·AI(인공지능)> Python|마케팅·광고·홍보·조사>마케팅>마케팅기획"
https://kr.indeed.com/viewjobs?jk=46975ee759c13b8a,데이터 분석/처리 플랫폼 개발,NHN 4.4 성남 판교역,,"데이터 수집, 처리 및 지표 분석 경험 - 데이터 기반의 문제해결 역량 및 논리적 사고 - Java, Python, Scala 중 최소 1가지 언어를 이용한 데이터 분석 및 소프트웨어 개발 역량 - 통계분석..."
https://kr.indeed.com/viewjobs?jk=54e0d08c99dcf507,MI(Market Intelligence)담당 마케팅 전략 경력사원,LG전자 3.8 서울 영등포구,,"마케팅 전략/방향성 도출 경험 보유 4) 우대 사항 - 통계 분석 및 프로그래밍 언어 역량 보유: R, python, Java, SPSS, Tableau, etc. - 영어 능통 역량: 해외법인과 영어 화상 회의 및 현지..."
https://kr.indeed.com/viewjobs?jk=0b9b89d4aca5a012,DevOps Developer,IBM 3.9 서울,,"Jenkins, Maven. Scripting: Any of BASH / Power shell, Python would be considered assets. Key responsibilities include..."
https://kr.indeed.com/viewjobs?jk=194bbf20319d9f24,"Systems Engineer, Ground Truth Automatio...",NVIDIA 서울,,"deep understanding of programming languages in C, C++, and Python. Experienced in developing system software mostly in user..."
https://kr.indeed.com/viewjobs?jk=b602108c31558329,리서치분야 석사이상 경력직,케이지제로인 대한민국,,"티팩터 리서치 2. 펀드, 금융 및 재무데이터 분석 3. 기업재무 관련 리서치 4. 기관 컨설팅 5. R, Python을 활용한 로직 개발 자격 요건 석사이상, 경력 3년이상, 경제학, 재무금융 전공자 우대사항 CFA..."
https://kr.indeed.com/viewjobs?jk=97b032faeb4b1bd1,연구소 개발부문 연구원 직원 (회로설계/하드웨어설계/머신비전/이미지프로세...,모든 경기도 광명,"연봉 42,000,000원 - 46,000,000원","프로그래밍 가능자 우대 S/W 설계 부문 : - OPEN CV, TENSORFLOW, YOLO, CUDA/ Python, C++, C WindowsGUL APL, MFC Lib 활용 가능자. 머신비전/ 영상처리 개발자 * 전기..."
https://kr.indeed.com/viewjobs?jk=724d638053bd85bb,"IOT인공지능 융합메이커 강사 훈련생 (코딩, 아두이노, 3D모델링 등)",동대문여성인력개발센터 서울 동대문구,,통신·모바일·게임>빅데이터·AI(인공지능)>데이터분석|인터넷·IT·통신·모바일·게임>빅데이터·AI(인공지능)> Python|인터넷·IT·통신·모바일·게임>빅데이터·AI(인공지능)>머신러닝|인터넷·IT·통신·모바일·게임>빅데이터...
https://kr.indeed.com/viewjobs?jk=b8c6ad4bd3f32e3d,AI 개발자,넷아이디 서울 강남구,"연봉 35,000,000원 - 40,000,000원",인터넷·IT·통신·모바일·게임>응용프로그래머>머신러닝(ML)|인터넷·IT·통신·모바일·게임>응용프로그래머> Python|인터넷·IT·통신·모바일·게임>ERP·시스템분석·설계>인공지능(AI)서비스기획|인터넷·IT·통신·모바일...
https://kr.indeed.com/viewjobs?jk=f97d8d627c3d7362,Infra Software Engineer,Toss 서울 강남구,,"분 - Software-intensive system의 구조 설계 경험이 있는 분 - C, Golang, Python, Javascript 중 하나 이상의 언어에 능숙하신 분 # 우대 사항 - 다양한 기반 기술에 대한 이해도..."
https://kr.indeed.com/viewjobs?jk=ae185a03d7b8f71e,"사물인터넷(IoT) 개발, 메카트로닉스 외 신입/경력 정규직",리쉐니에 수원 영통구,,"연구 빅데이터분석 및 AI개발 Python , WebRTC 프로그램개발... AI개발, Python / WebRTC프로그램개발 [우대사항] 전공계열: 공학계열 자격증: Python, Python 교육이수자, 빅데이터, 스마트공..."
https://kr.indeed.com/viewjobs?jk=466d2a69f016e6ed,[웹젠] 백엔드개발(경력),웹젠 성남 분당구,,"분 - RDBMS/NoSQL 기본 지식과 개발 경험이 있는 분 - Python, Scala 또는 GO 프로그래밍 언어 중 하나 이상의 언어를 사용할... 지식과 개발 경험이 있는 분 - Python, Scala 또는 GO 프로그..."
https://kr.indeed.com/viewjobs?jk=6caa4bcc7a2e042c,[헥스콘] 2021년 상반기 웹 및 모바일앱 UX/UI 디자이너,헥스콘 창원 의창구,"연봉 24,000,000원 - 26,000,000원","기술스택] 1) 사용언어 : Java, Kotlin, C++, HTML, CSS, Swift, Object-C, Python, Php, Node.js 2) 사용DB : MySQL, MSSQL, Maria DB, Oracle..."
https://kr.indeed.com/viewjobs?jk=047d35a5f56c31bd,"대기업 딥러닝 기반 영상처리 개발자 (박사급, 판교)",인파트너스 서울,,"Pytorch - Python, C/C++, Docker  C/C++... 머신러닝|인터넷·IT·통신·모바일·게임>빅데이터·AI(인공지능)> Python|인터넷·IT·통신·모바일·게임>시스템프로그래머>임베디드(Embedded)"
https://kr.indeed.com/viewjobs?jk=f71d35f5dff01c45,Consultant - Identity & Security,Microsoft 4.2 대한민국,,"more... following: Azure PowerShell, CLI, Visual Studio, Python, Ruby or Terraform Identity: Designing and implementing..."
https://kr.indeed.com/viewjobs?jk=8a15326f80e07c08,Customer Operations Engineering Manager,Success Korea 대한민국,,experience in C++ or Java and Python - Network monitoring and application... C++ or Java and Python - Network...
https://kr.indeed.com/viewjobs?jk=2485e93043545d8a,인간중심 지능형 시스템 연구실 위촉연구원,광주과학기술원 광주 북구,,"및 인간 대상 연구 수행) 공학 학사학위 이상 C#기반 SW개발 가능자 우대사항 ① 이외 개발언어 ( Python, C++, JAVA, MFC, QT 등) 기반 SW(앱/웹 포함) 개발 가능자 ② 인간대상연구 경험자..."
https://kr.indeed.com/viewjobs?jk=fb6bafb5ae960c4e,Security Engineer (보안 엔지니어),Toss 서울 강남구,,"시스템 구축 및 운영 경험이 있는 분 - SIEM 운영, 로그 분석 및 대응 자동화 경험이 있는 분 - Python, Java 또는 C 계열 프로그래밍에 대한 높은 이해 또는 개발 경험이 있는 분 # 우대 사항 - CISSP..."
https://kr.indeed.com/viewjobs?jk=da280e20451ce755,Integration Engineer,스트라드비젼 서울 강남구,"연봉 40,000,000원 - 50,000,000원","algorithm • (Preferred) Experience of variant script language ( Python, Shell) • (Preferred) Experience of Linux build system..."
https://kr.indeed.com/viewjobs?jk=97ccd3c5bb2d2ade,[공채] 2021년 수시 머신러닝 및 S/W개발(응용) 3월28일 마감,에스에프에이 경기도 화성,,인터넷·IT·통신·모바일·게임>응용프로그래머>머신러닝(ML)|인터넷·IT·통신·모바일·게임>응용프로그래머> Python|인터넷·IT·통신·모바일·게임>응용프로그래머>C·C++|인터넷·IT·통신·모바일·게임>전산·IT기술지원...
https://kr.indeed.com/viewjobs?jk=1d2b22a2bcd3256f,[AI/Lab] AI 백엔드 엔지니어 (마케팅 분야),버즈니 서울,,"으로 마케팅 인사이트 도출 – 보유하고 있는 빅 데이터를 활용하여 마케팅 인사이트 도출 이런 분을 찾습니다 Python 프로그래밍에 능숙하신 분 DB, 통계, 컴퓨터 기반 기술에 대한 이해를 가지신 분 이런 분은 더욱 좋습니..."
https://kr.indeed.com/viewjobs?jk=cb32ed51c4e0c7ad,DGIST 동반진단의료기술융합연구실 계약직 연구원 공개 초빙 공고,대구경북과학기술원 대구 현풍면,,"경험자 Matlab 또는 Python 활용 능력 우수자 C/C++... Java, Visual Basic, Python 등) 공학용 프로그래밍 활용 가능자(Matlab, Python 등) 자동차 관련 실험 연구..."
https://kr.indeed.com/viewjobs?jk=02f450f1246c5489,[서울지사][던파모바일2D] 서버 빌드 담당자,네오플 서울 강남구,,"C/C++ 사용이 능숙하신 분 우대사항 - DevOps 관련 경험 - 하나 이상의 스크립트 언어 ( Python, PowerShell, Bash, Groovy… )에 능숙하신 분 - Windows/Linux 서버 운영체제에..."
https://kr.indeed.com/viewjobs?jk=116009dbf59211ed,퍼즐데이터 역량있는 데이터 분석가,주식회사퍼즐데이터 서울 역삼동,,"데이터 마이닝 및 통계분석에 대한 전반적인 이해 3. 관련분야(산업공학, 통계 등) 전공 4. R or Python 사용 능력 * 이런 분은 더욱 좋아요. 1. 프로세스 마이닝 지식 보유자 2. 관련분야 대학원 전공 3..."
https://kr.indeed.com/viewjobs?jk=464ef95516a5fa5c,8퍼센트 경력 개발자,8퍼센트 서울 종로구,,"개발업무 - 금융 서비스 개발 - Python/Django 기반 - 정해진 역할이 아닌 기능에 따른 업무 분배 - 프로트엔드부터 백엔드까지 업무 범위... SQL 기본 - git flow - python, django 경험자 우대"
https://kr.indeed.com/viewjobs?jk=4e91309fc89e9534,2020년 하반기 영업/기획/마케팅/개발 부문,아우토크립트 서울 영등포구,,통신·모바일·게임>응용프로그래머> Python|인터넷·IT·통신·모바일·게임... 프로그래머> Python|인터넷·IT·통신·모바일·게임>웹프로그래머>JAVA|인터넷·IT·통신·모바일·게임>빅데이터·AI(인공지능)> Python|인터넷...
